-0.642905,0.873263,1.102357,-1.047375,-0.355831,0.746696,1.743330,0.258548,-0.288484,1.150965,1.409321,-0.270750,-0.731908,0.234233,0.560175,1.002716,1.500119,0.226799,-0.419473,-1.193528,1.182135,0.779489,-0.488569,0.360925,-0.483418,-0.231959,1.072642,0.999968,1.299392,-1.423477,1.258000,-1.652544,0.085724,-0.435422,-0.811400,0.983887,-0.249809,0.922710,-1.388765,-0.220299,0.622059,1.451858,1.554500,-1.570024,0.807746,-1.499249,0.920346,1.436244,1.604060,-1.407491,-0.022221,0.253345,0.452087,-1.023848,-0.021254,-1.205152,0.843947,0.829681,-0.675736,-1.701762,0.017105,-0.949192,1.097118,1.236869,1.810424,-0.683802,1.720973,0.227142,-0.676388,0.890140,-0.299034,0.220843,1.378631,-0.382628,-0.202874,1.504983,-0.495030,0.938260,-1.163117,0.126402,0.912668,1.225144,-0.550548,0.594887,-0.925149,-0.431229,0.786429,1.135482,-0.793207,1.844679,-0.896047,-0.466972,0.918587,-0.958401,-1.368120,-0.524748,-1.073979,1.089220,-1.143499,1.555491
-0.498428,1.091543,-0.429491,0.074205,0.389695,-1.206326,-0.021068,1.019733,1.600091,0.285456,0.110743,0.971919,0.964861,-0.906712,1.440145,-1.593961,1.069792,1.308153,-0.674245,-0.279232,-1.261986,1.179994,-0.838890,-0.732779,0.086510,0.303521,-1.666211,0.454702,0.138920,1.363250,0.487385,0.432065,-1.399378,1.376388,1.429238,-0.645711,-1.000755,-1.433552,1.599463,-0.086740,-0.328428,-1.349597,-1.505613,1.270706,-0.924760,0.835705,0.651519,-0.842983,1.357665,0.698679,0.564959,0.423122,1.183375,-1.307874,1.331621,1.145170,1.492255,0.629282,0.335602,0.896708,0.098101,-1.264568,0.226051,-1.226629,-0.066351,0.302874,0.297879,1.770263,0.651299,1.247581,-0.691321,0.030634,1.643441,0.869461,0.778634,-1.632658,0.502849,1.549105,0.119463,0.516517,1.349001,0.852599,0.353196,1.438413,0.903130,0.954166,-1.026756,0.513199,0.656364,-0.279997,-0.166608,0.191307,-1.345631,0.844490,-0.161032,-1.176094,-1.333496,1.314752,0.571338,0.802702
1.751419,0.783127,0.831338,1.493019,1.623278,1.594597,-1.432576,1.258095,-0.137164,-0.537965,-1.686737,-0.128322,-0.359882,1.641488,0.831369,-0.689281,-0.457270,-0.353493,-0.574527,-0.381827,-1.484946,1.574801,-1.197200,1.420299,-0.509271,-1.133379,-0.672045,-1.808867,1.230963,-1.705418,1.164771,0.233313,-0.228504,1.610401,1.294564,0.621492,-1.070729,-1.117298,1.589542,-1.460269,0.278751,0.129205,0.779352,-0.023360,1.441615,1.526780,-0.495983,1.626795,1.613706,1.579571,-0.969248,-0.128784,-1.267829,-0.935043,1.286893,1.062576,-1.566861,0.609117,1.954237,-1.507197,1.071468,0.525152,0.606615,-1.708594,0.893148,-1.598499,0.552938,-1.727233,0.966266,-1.247194,-1.378055,-1.741582,-1.577660,0.486893,-1.476613,1.257048,1.332844,1.572054,-1.140879,1.176935,-1.214925,0.896663,0.232495,1.453452,1.628733,1.229021,0.042112,-1.388816,1.132366,0.942835,1.613549,0.578180,-1.419943,0.633824,1.088234,-0.889077,0.442655,0.699704,-0.441757,-0.127340
0.157559,-0.908485,-0.839944,0.757067,1.525804,-1.188115,-0.749215,1.565638,0.426665,-0.173710,-1.690889,-1.821114,-1.363757,-0.735348,-1.524283,1.379723,0.951605,1.676519,0.779218,-1.422902,-0.262977,1.614757,-0.968918,1.300144,-1.631555,-1.118974,0.047680,0.945894,0.805323,-0.821216,-1.257528,-0.031679,1.511457,-0.072182,-0.767003,1.606381,-0.874953,0.426180,1.495931,0.299844,-1.575387,1.217568,-1.134481,-1.578966,1.761227,-0.713317,0.958994,-1.663137,-1.716026,-1.295674,1.659171,1.341402,-0.601050,-0.112246,-0.967475,-0.505161,-1.276362,-1.121698,1.236072,0.333390,0.431976,-0.949579,-0.772940,0.864214,-1.131097,0.373505,-0.859908,-0.159126,0.922290,0.256509,0.572497,-0.349542,-1.331627,1.251425,0.123500,1.022165,1.594036,-1.779160,0.865127,1.089757,-1.128141,0.309185,0.434372,-0.708666,1.496396,0.312446,-0.904400,1.258026,-0.439058,0.242931,-0.514259,-0.462734,1.234934,-0.236859,1.007080,1.488365,0.378895,1.633736,-1.408011,1.124732
-0.900278,0.635370,-1.062116,-0.063693,1.379610,-1.320740,0.253381,1.755687,-0.575075,1.576689,-1.350480,1.395412,-0.924416,0.368978,-1.488837,-0.722572,0.397948,-1.738765,-1.427743,1.817859,-1.323779,-0.975213,-1.052308,1.599371,0.495938,-0.462279,0.562829,-0.109468,-0.042392,0.516789,-0.530602,0.927605,-0.633934,-1.214331,-0.387192,-1.328465,-0.449676,-0.652296,0.177839,-0.816781,1.723371,-0.912884,0.615241,-0.313909,-1.436177,-0.573122,-0.834121,-1.268284,0.209237,-0.563133,0.658291,-1.827931,0.323655,-1.219769,-1.496726,-0.000085,-0.400199,-1.464454,-0.122519,-0.058265,-1.302196,0.362153,1.294326,-1.398458,0.846158,0.481591,-1.382435,1.439639,-0.702183,-0.375541,-0.289727,0.536844,0.129734,-0.535172,0.476861,1.294783,-0.170794,0.743979,0.495272,-0.527310,-1.097681,-0.221254,0.241073,-1.509790,-1.279288,-0.666053,-0.001314,1.592351,-0.895775,-0.826922,0.798371,-0.413823,-1.006837,-1.430123,1.632513,0.228696,-0.613246,-1.498283,0.734687,0.448758
-0.380845,-0.549750,-0.421571,1.277380,1.492740,-0.967755,-0.704586,-0.357799,0.786431,-0.921170,-1.637901,0.140574,1.239519,-0.716740,0.380405,0.528062,0.147091,0.990566,0.029811,-1.191676,-0.070777,-1.521549,0.820665,0.062554,0.666930,-1.099080,0.934971,-1.092398,-1.313965,-0.538774,1.576902,0.248403,-1.526817,0.849658,-0.571672,-0.790481,-0.518695,-0.861297,-0.612137,-0.545419,0.031557,-1.040785,-1.525646,0.915816,-0.621214,1.058012,-0.524113,1.142746,-0.559609,1.489099,1.323608,-0.214790,-0.337445,-1.230062,0.551594,-0.092805,1.756178,1.495518,1.802668,-1.651422,-0.490460,0.411046,-0.545311,1.513915,-0.625902,1.519931,-0.005581,0.971911,1.589478,-1.089697,-0.597865,0.307009,-1.003809,-0.211887,0.776770,-0.127047,1.528579,0.394494,1.888199,-1.297915,1.537832,-0.795474,-0.445356,-1.695377,-0.640846,-0.528298,-0.118815,0.843431,-0.972839,0.806821,1.510586,0.670096,1.578658,0.575161,-0.609635,-1.164608,0.149591,-1.185214,0.943409,0.633907
0.291546,0.626572,-0.771498,-0.893076,-0.930993,1.369894,-0.410191,0.322170,-0.056844,-0.130992,-0.149936,-1.395366,0.663598,-0.590901,-0.718983,-0.376700,-1.918724,-1.646135,-0.364829,-1.265088,0.301051,-1.001522,0.867005,-1.017339,0.740752,0.517549,1.186623,1.539687,-0.491570,-0.348776,0.079071,1.376534,-1.084278,0.497369,0.371045,-0.354321,0.773617,0.467779,1.169718,-1.611774,-0.617827,-0.991523,0.009504,1.305252,0.225464,-0.313512,-0.933626,-0.326651,1.243872,-0.909158,0.028765,-1.110200,-0.530827,-0.128317,1.848696,-0.914987,1.568429,1.689661,-0.409144,-0.465563,0.972531,1.334169,-0.401230,-0.000539,-1.000406,0.020179,1.225339,1.642537,0.350430,1.245638,0.429966,-1.512380,1.003099,0.423665,-1.208685,0.187855,-0.313540,0.880180,1.810530,-0.026666,-0.708614,-1.177235,-0.362910,0.061596,-0.299999,-1.316136,-0.805511,1.523916,-0.736200,1.823696,-1.404528,0.705563,-1.070844,0.573231,-1.351090,-1.031847,-0.820723,0.754300,0.869897,-0.345825
0.789367,-1.385663,-1.607028,-0.200171,-1.193544,-0.709731,0.295933,0.929277,0.335472,0.579467,1.528334,0.184940,1.398944,1.884499,-0.015964,-1.597724,-1.725100,-1.241817,-1.114930,-0.188577,-1.463495,-1.392601,0.006495,-1.853718,-0.248377,-0.869137,0.649866,0.534667,1.591906,-0.170350,1.235756,1.328444,0.185614,1.096217,1.310100,-0.058975,1.152283,-1.010426,-0.232607,-1.373388,-0.377289,0.010433,1.494307,1.013275,-1.329313,0.427291,-1.186401,0.140910,1.455015,0.740615,-0.231045,-0.760998,0.129431,-0.923847,0.826500,0.975534,-0.717996,0.826892,-1.484452,-1.563303,1.014623,0.684177,-0.462418,1.512069,0.150166,0.462590,0.597685,0.999861,-0.609223,-1.093617,-0.395914,1.222302,1.607340,0.266785,-0.561080,-0.241711,0.489744,-0.642987,0.307368,-1.277924,1.124578,-0.786611,1.142175,1.093648,1.571381,-1.776877,-0.192080,-0.877616,1.427704,1.595464,1.460330,0.944141,-1.689297,0.230486,0.139125,-0.076927,-0.993721,-0.442743,-0.791597,-0.501867
-0.174396,-0.715277,0.028593,1.472257,-0.470712,1.174533,0.858724,1.595335,-0.859216,-1.437785,-0.849671,0.840890,-1.261478,1.401617,-0.846903,-1.723911,0.916915,-0.731661,-0.832558,1.813399,0.571897,-0.833680,0.116196,-0.329920,0.097859,0.201721,-0.787464,-0.121385,1.287286,-0.064227,0.193053,1.469345,1.107166,0.137973,-1.685913,-0.450883,-0.469598,-1.156855,-1.542460,1.232719,0.977947,1.209568,0.323510,-1.196682,0.715836,0.086389,-1.295529,-1.347920,-0.370813,-0.651003,0.347755,-1.708707,-0.431443,-0.611457,1.152093,-1.281816,1.165467,0.605800,0.881355,0.685238,0.549248,-0.737582,-0.426725,0.492892,0.512657,-1.053254,0.891512,1.561150,1.468012,-1.398226,1.192041,-0.699844,-0.185454,1.291729,-0.590229,0.018063,-1.215662,1.370227,-1.700194,0.725193,0.636147,0.664678,1.595986,1.015265,-0.906441,-1.653356,-1.540859,-0.667471,0.273399,-0.973194,0.004870,1.439327,0.753552,0.685526,0.972965,1.253875,1.115958,-0.633714,0.682778,0.715084
-0.354062,0.015546,1.347000,-1.704040,1.222567,0.471374,-1.215529,0.974624,-0.387098,0.590205,-0.607257,-1.908377,-0.549012,0.775680,1.244427,-1.478529,-1.753444,0.874783,-0.357999,1.438052,-0.443440,-1.534531,-1.174011,0.996135,-0.487910,-1.163734,1.282856,-1.665195,-0.388103,-1.139412,0.158779,0.130912,0.228549,1.492815,-1.258399,-0.832518,-0.815073,-0.740548,-1.155297,-1.025644,1.350696,-0.869665,-1.479387,-0.139320,0.284273,-1.232096,0.796023,0.738367,1.468608,-1.429773,0.411888,-1.491435,0.013307,1.491599,-1.374439,-0.878355,0.456297,-1.915441,1.861500,-1.125171,-1.408420,-0.647887,1.552377,-0.066843,-0.483080,1.195981,0.194517,-0.512110,-0.195944,-0.056535,1.522485,-1.466009,-0.835058,-1.033143,1.479690,-0.329367,0.276011,-0.462932,0.404628,0.203950,-0.649472,0.955440,1.636265,-0.781194,0.269797,1.116428,-0.193226,-0.581248,-1.576545,0.106451,-0.562375,0.935388,-1.555900,0.161723,0.258528,1.067243,-1.313679,-0.253346,-1.798519,1.681832
-1.106020,-1.021259,-1.668880,-0.094803,0.557725,-0.284157,0.006242,-1.326545,-0.296112,-0.322843,-0.887272,1.222964,-1.794754,-0.408682,0.900243,-0.002704,0.944711,0.521916,0.681616,-0.179313,1.340329,0.443349,-0.066192,0.247515,0.635831,-1.204996,1.231088,1.055789,1.256149,-1.308960,1.052752,-1.318447,-1.225694,-0.039259,-1.531348,-0.544213,-0.455565,1.467520,1.009587,0.182445,-0.454494,0.246317,1.590102,0.278283,-1.560080,1.146651,-0.310882,-0.897748,0.912690,-0.686913,-0.058422,-0.860301,-0.454448,-0.629189,-1.526055,1.481080,-0.755398,0.879658,0.470060,-0.677328,-1.318000,1.182566,1.513583,-0.231799,-1.059489,-0.299903,1.168705,0.976544,1.118364,-0.392766,0.566997,0.198852,0.469306,1.826521,1.457773,0.528966,1.643473,-0.708059,-0.325964,-1.066504,-0.967724,1.369567,-0.171807,1.660346,1.151016,0.490027,-0.931676,1.253523,-1.445896,-1.406490,0.878001,-1.192398,0.347878,-1.743546,-1.578661,0.015263,0.402105,-0.443366,-0.760731,1.270763
-1.005436,-0.091107,-1.315232,1.003613,-0.159201,0.966983,0.332541,1.377226,1.777747,0.780693,0.881292,0.655710,-0.236814,-1.032750,0.195925,-1.161301,-0.128169,-0.111312,0.765627,-1.375780,0.829033,-0.004181,0.274912,-1.561051,-0.995332,-0.433433,-1.351884,-1.422702,0.695903,-0.792543,0.998160,-0.697784,1.494014,-0.483029,0.742445,-1.516371,-1.130915,0.743230,1.100817,0.513202,-1.067415,-1.682228,-1.250482,0.903858,0.929682,0.335246,0.907255,0.451832,-1.470511,-1.459804,-1.117030,1.538445,-0.649222,-0.351143,-1.154052,0.846109,0.189599,1.122196,-1.328824,-1.466946,-1.595480,-0.864949,1.075896,0.358472,-0.196845,0.804309,1.657029,-1.888633,-1.009741,-0.549601,0.878480,0.367243,-0.205768,1.666620,-0.614420,-1.363188,1.182558,0.062316,-0.250170,-1.329808,-1.364379,0.234279,-1.177004,0.303721,-1.757378,-0.617346,0.318618,-0.312939,-0.226966,1.790769,-1.592122,-0.333301,1.487736,1.388662,-0.552383,-1.400811,-0.833036,-0.436152,-1.444820,-1.367177
-0.368569,0.548989,1.265846,-0.605986,1.129179,0.460681,-0.000285,-0.436253,0.959325,1.323934,-0.620065,0.188623,1.109904,0.593501,1.560981,-0.071372,-0.493675,0.277330,0.516055,0.835452,1.103156,-1.081644,1.081278,0.864061,-0.267029,1.254538,-1.821807,-0.411312,-0.934326,-0.101397,-0.713787,-1.564611,-0.595025,0.000951,-0.254102,-0.365357,-1.196033,-0.284717,-1.031817,0.702838,0.336280,-1.401581,0.147976,0.499541,-0.961455,1.456556,-0.919171,-1.687970,1.071587,0.519829,-0.268512,-0.171024,-1.834726,1.589758,1.030300,-1.592481,1.080548,-0.564823,-1.260211,-0.147066,0.623279,-0.873145,-0.529945,-0.505015,-0.295592,1.483537,-1.542588,0.775044,-0.565521,-0.653576,-0.385915,0.893957,-1.213502,-1.080449,-0.932146,0.815123,0.751271,-0.250029,1.852765,-0.207624,1.582314,0.654185,1.193639,1.528084,0.000668,-0.759025,1.352994,-0.601306,1.576239,-0.598008,-1.243422,1.529749,1.088339,0.224626,0.921827,0.466242,-0.340626,1.402105,1.522036,0.439441
1.389371,-1.679981,0.728890,-0.379729,1.085987,0.331815,1.083622,-0.249375,-1.046503,-0.348142,-0.021470,0.343395,1.509301,1.220313,-1.833400,0.973908,-0.296623,-1.745467,1.373051,-0.790354,-0.661287,0.989572,1.778463,1.289224,1.689078,0.770026,-0.045412,-1.756690,1.502662,0.652863,1.650685,0.950739,0.966354,-1.298378,-0.961774,-0.033128,1.206503,-0.373903,1.602313,1.658401,-1.261104,1.257734,0.606008,-1.118888,-0.979042,0.633390,1.256808,-1.593467,-1.592559,-0.955822,1.357909,0.311415,0.798371,-1.278054,1.064200,0.035137,-1.434941,0.281701,0.309337,0.856384,-1.379985,1.006271,-1.114539,-0.339991,-0.452515,1.597307,-0.642595,-0.094398,-1.029637,-1.238865,-1.655898,1.202905,0.120227,-0.130533,0.721082,-0.523980,-1.161467,0.867581,-0.352944,1.323744,0.706628,-0.099164,-1.543143,0.385188,-0.108543,0.775140,-0.518452,-1.090700,-0.671354,1.189037,-1.238969,1.730672,-0.661376,0.702690,-0.256395,1.411455,0.179481,-1.030968,0.880419,0.550055
-1.245549,1.033609,-1.766222,1.245966,-1.165665,-1.033520,1.922651,-0.871893,0.883802,0.945052,0.277845,-1.276191,-1.245146,-1.236558,1.356399,1.648237,-1.019098,-1.387394,1.203711,-0.202097,0.249423,-0.755880,1.268386,0.028332,1.569037,0.260476,-1.781502,1.530988,1.523678,0.667717,1.534450,-1.421924,-1.351815,0.070169,-1.554642,1.773294,1.389699,-0.720406,-0.324703,0.455234,-0.265889,-0.209848,1.523372,0.221217,-1.319507,-1.028489,-0.328336,1.244412,0.454774,1.367032,0.274013,-0.393768,-1.468133,-0.082632,0.579789,-0.939867,0.837977,1.668932,1.948287,0.707927,0.079142,-0.234162,1.016396,-0.236757,0.528058,-0.179765,-1.370910,1.195735,1.170504,0.288851,-1.261291,1.663058,-1.508658,1.137870,0.914723,1.586252,-0.149846,0.610235,-0.176214,0.029148,0.207529,-0.953014,1.520436,-1.050591,-1.320622,1.390940,-1.550455,1.875359,-0.744444,1.502959,0.690611,-1.587852,0.953374,1.337926,-1.277902,1.555266,-0.853345,1.332196,-0.958931,-0.306410
1.138284,-0.401367,0.691610,-0.648086,-1.199278,1.770140,0.975950,-0.803020,-0.563892,-0.977651,0.315518,-0.587203,0.066991,0.366115,0.399246,0.468153,-1.752481,0.304825,-1.008104,-1.060189,1.212263,0.726836,1.028211,1.178205,0.548570,1.508181,0.421752,-0.325081,-0.056280,0.868908,0.675114,-0.604011,1.583607,-1.015561,-0.716175,-0.654896,1.634763,1.470047,0.429777,1.600254,1.429802,-0.828768,-1.219897,0.436927,0.865276,-1.042962,-1.088922,1.448403,0.447325,-0.893773,-0.467727,-1.806622,-0.693840,0.383931,-0.654309,0.775412,-1.079025,-0.650644,0.192941,0.346708,-0.849701,1.655911,-0.328018,0.015772,-0.028617,-1.407470,0.342353,-0.476179,-1.494254,-0.593799,0.497077,-0.776259,-1.438526,-0.262747,0.007838,0.009211,-0.721633,-0.140930,-0.447999,1.550612,0.582641,0.791873,-0.074540,-1.523496,-0.354393,1.423984,0.376879,1.222896,0.828157,0.057849,-1.312213,-0.933012,-0.175774,-0.643575,0.242165,1.606281,0.782916,0.903988,-0.337623,1.392808
0.757116,1.262982,-1.533831,0.732281,-0.458936,-1.226399,0.565825,0.126768,0.674218,0.679997,1.754622,1.026315,-1.583448,1.745340,-0.494262,0.951395,-0.259963,1.387594,1.501338,-0.809878,1.732654,-0.515373,-1.398281,-0.449147,-0.814979,-0.234154,0.685249,1.233218,1.453702,0.905250,0.305908,-0.542721,0.864451,0.109111,0.867652,1.260321,1.245123,0.455528,0.857718,-1.416819,-1.471766,0.999378,-1.203844,1.495851,0.082623,0.000052,-0.529645,-1.115456,0.742774,-0.944179,1.091767,1.223251,0.886655,0.572088,0.542329,0.797724,0.930552,-0.520914,-1.532355,0.350176,-1.213740,-0.130081,-0.778831,-1.591313,0.403276,0.637335,1.046590,0.126079,-0.468170,-0.032032,1.561906,0.702988,-1.654373,0.707463,-0.594888,-0.072023,-1.061923,0.292491,0.999402,0.704044,0.105549,-0.573060,0.458629,-1.182783,-0.263390,0.494708,0.617140,-0.162225,-1.925974,-1.333566,-0.065785,0.000284,0.379722,-1.492957,1.525477,-0.287908,0.442655,0.349536,-0.464828,1.568575
-1.518144,1.137202,-1.097223,-1.039834,-0.442627,1.603794,-0.134283,-0.399464,1.509554,0.774809,-1.514133,-1.152808,1.563905,1.487896,-0.291571,0.524025,1.263853,-0.149069,-0.492215,-0.745336,1.432517,-1.287682,-1.292594,0.273244,1.637509,-0.468522,0.600406,-0.239945,1.558515,-1.252236,-0.450276,-0.453211,-0.606966,-1.337284,-1.287953,1.240827,-0.110701,0.866644,1.508052,0.082205,-0.686876,1.167543,-1.230742,-1.731256,-1.044588,-0.424224,1.826215,-0.049191,1.027546,0.837051,1.639618,-1.122305,0.590923,1.568812,-0.849279,-1.342275,1.025270,0.326741,1.261140,-0.182963,1.226495,1.091464,-1.486800,-1.014621,0.996070,-0.904289,-0.291382,0.376934,1.295949,1.596359,-0.052163,1.161205,0.017257,-1.345780,-0.380561,1.041223,-1.607802,-1.266120,-0.380255,0.960452,1.295932,-1.694098,1.556049,-1.101105,1.616402,1.514444,1.376730,-0.351939,-0.352388,0.714316,-1.128447,-0.679636,-0.480809,0.125360,-0.935466,-0.153266,-1.016796,1.017049,1.578280,-1.107865
-1.147086,0.757011,-0.130438,0.303032,0.643148,1.641348,-1.545962,-1.180561,0.500323,-1.024858,0.870803,0.729958,-1.423863,1.050380,1.095071,-0.270601,-1.404885,0.624818,-0.928046,1.062636,0.638572,-0.762246,-0.320748,-0.822351,-0.320175,-1.095238,-0.551290,0.400662,-0.580747,1.277198,-1.087027,-1.224983,1.121254,-0.989672,-0.417438,1.179696,0.914560,0.979365,0.587923,-0.327424,1.757420,-1.159822,0.658617,-1.041493,-0.328968,-0.783541,-0.124417,0.510303,-0.706286,0.327878,-0.255216,-1.899135,-0.295502,1.182676,-1.357503,1.001607,1.184221,-0.999958,1.955821,-1.087761,0.351637,-0.811976,0.736295,0.958147,0.803579,0.160825,-0.270477,-1.251510,-1.053615,-0.537514,-0.316380,1.218049,0.450256,1.513010,-1.864955,-1.539635,0.364226,0.843179,-1.418880,-1.335086,0.056002,1.330395,-1.086221,0.484499,-0.217024,1.217903,-0.159241,-0.342561,-1.369016,0.041959,1.493017,-0.308151,-1.357014,-1.025544,-1.101039,0.475780,1.631578,0.434266,0.402570,-0.980104
-1.610324,-0.169872,1.262199,1.507188,1.170929,0.016128,1.186263,-0.079306,0.652714,-0.781046,0.199788,1.326671,1.078771,0.521099,1.734186,-0.285690,1.050058,-1.201584,-0.535035,1.129237,0.995118,1.329546,-1.283563,0.894965,-0.023999,-1.327928,-0.433865,0.906545,-1.154577,1.158743,-1.451253,1.467867,-0.994183,1.549487,-0.837490,1.848401,0.677756,-1.016967,0.473822,0.856194,-0.098642,-0.834246,0.998294,-1.394921,-1.163484,-0.114413,-0.577800,-0.047944,1.146007,-1.415989,1.842334,0.118134,-0.019332,1.612799,0.375881,-0.013212,0.832252,1.007429,-0.042915,1.011998,-0.014997,0.785163,-0.271274,-1.824706,0.413595,0.596114,0.184440,-1.356213,0.136655,-1.415135,0.947900,0.544244,-0.106271,-0.601563,1.256901,-0.773408,1.661169,-0.641395,-0.691334,0.694518,1.389424,1.333904,-1.395857,-1.653031,0.881042,-0.436048,-0.032502,-1.347509,0.814062,-1.331701,0.187325,0.674369,1.097417,-0.570401,-0.543142,1.461060,-0.735506,1.164736,-0.084227,0.327803
-0.278662,-0.519392,-0.881055,1.099344,0.245973,-1.370118,-0.126480,-1.120144,-1.258055,0.265244,-0.116580,0.935725,-1.202486,-1.291944,-0.201519,0.250311,-1.735048,-0.747655,1.147299,-0.493652,0.177666,0.083538,-1.181295,-0.960277,-1.323327,-0.871367,0.515412,1.165582,-0.336352,0.352319,-0.682166,-0.296533,0.772008,-1.689696,0.395914,-1.312746,0.476282,-0.769827,-0.624654,-1.003527,1.057383,-0.566296,1.199371,0.251710,-0.840520,0.514132,-0.290350,0.324047,-0.877335,0.150869,-1.004517,-2.036287,1.598161,0.786175,0.499636,0.781560,0.697218,0.736812,-0.504381,0.452074,-0.920314,-1.014547,-0.190517,-0.677015,-0.410527,1.019763,1.257414,1.355162,-1.623036,1.752174,-1.034073,0.527750,-1.247954,0.669007,-0.299265,1.674255,-1.123426,0.053282,-0.278106,-0.924991,-1.521281,-1.112397,-1.660383,-1.541241,-1.461640,-1.291731,-1.692214,1.501141,-0.472953,1.555112,-0.751112,-1.365774,1.291991,0.192124,0.206313,1.407324,-1.507378,-1.474795,1.458556,-1.530118
-0.209362,-1.162722,1.116761,0.442181,-0.414061,1.820687,-0.926494,1.636318,0.839552,0.027749,-1.629082,0.408559,1.378815,0.335620,-0.622255,-0.810468,-0.577865,0.965406,1.415732,0.873127,-0.314471,1.522887,0.404531,-0.880091,-0.472961,0.586250,-0.292221,0.999934,0.401809,-0.294505,-0.579269,-1.470367,1.472715,1.562141,1.476999,0.077554,0.739203,-1.154329,1.133139,-0.239098,0.900523,-0.731341,-0.031239,1.078646,1.809359,1.032659,1.416312,-1.115525,-1.593318,-1.435846,-0.849584,-0.556766,-1.597657,0.349297,-1.222615,0.390032,0.916820,-0.629425,0.772141,0.116165,-1.565868,0.679569,-0.234238,1.191048,-1.542626,-0.308154,1.016804,-0.160670,-1.122220,-0.114072,-1.250984,-0.927293,1.506370,-0.083120,1.661514,-1.007250,0.947777,-0.479408,-0.082115,-0.629756,0.966140,1.487757,-0.401886,-0.692821,-1.074388,-0.137029,-1.669408,-0.312158,-0.415909,-0.452884,-0.352342,0.341339,-1.262404,0.558065,1.099907,-0.914703,1.618084,-1.082810,1.227497,-0.102759
-0.831387,1.211029,-1.508007,-0.989314,-0.212933,-0.948412,-1.584951,1.226455,1.446009,0.740036,0.924744,-1.910600,1.319057,0.245882,0.533471,-1.657247,0.461273,1.045237,-0.798961,0.684098,-1.051740,-0.858055,-1.229939,1.051056,0.991977,0.742930,-0.123784,-0.658535,0.889960,-0.556600,1.692956,0.275697,-1.084278,-0.333970,0.536657,1.706790,1.695216,-0.492369,0.614329,-0.217695,0.071384,-0.503624,1.485708,-0.266076,0.693895,1.288517,0.184071,-0.083934,1.450998,-1.075160,0.957654,0.397719,0.501028,0.126543,0.063223,1.024099,0.461881,-0.699906,-0.976867,0.402490,-1.295361,-0.656575,-0.892250,-0.131061,-0.898115,1.560228,-1.255151,-0.913236,0.809880,-1.052185,1.804739,-1.074315,1.260471,-0.275613,-1.249463,-0.439171,0.407998,-0.453725,0.989073,-0.970935,1.629212,0.233889,-0.967888,0.341895,0.293307,0.434505,-0.785955,1.203731,1.245459,1.460921,-0.614288,1.546701,1.585076,1.121677,-0.427283,0.075548,1.282748,-0.986013,1.546750,-1.073406
-0.048629,1.649328,0.900041,-0.791428,0.666461,-1.470462,1.260864,1.040054,0.603114,-0.651893,0.082880,-1.007049,-1.492641,-0.314730,0.222073,0.095149,1.341624,1.085293,0.027557,1.163619,-0.583210,-0.502324,1.512090,-1.284520,-1.175993,0.171057,1.928297,-1.348799,1.461033,0.468288,-1.270976,-1.257742,1.062286,1.694123,-1.574607,-0.287890,-0.029599,1.231593,0.399980,-0.224936,-0.344044,0.401603,0.678576,-0.906964,1.481488,1.550177,-0.342362,-0.449066,-1.232443,-0.814182,-0.988689,-0.795341,1.596696,1.620853,-1.156196,0.122433,-0.751044,0.937362,-0.891630,0.815765,-1.000193,-1.541716,-1.236253,1.217856,0.951758,0.816498,0.671500,-1.176007,0.049561,-0.244658,-1.541665,-0.511156,-1.845161,0.365341,-0.459284,0.938571,-1.477501,-1.623199,-0.565734,1.792543,0.336547,-0.059460,-0.957321,-0.235529,0.566584,1.052852,-1.667224,-1.407609,0.567965,1.487428,-0.254453,1.631808,-0.628575,-1.280672,-1.280161,-0.103023,-0.461536,1.344952,0.093664,-1.115035
-1.323740,-1.677947,-1.063442,1.485073,1.742451,-0.926515,-1.396136,-1.182402,1.103190,-0.245418,1.543781,-0.984603,0.263852,0.768523,0.893122,-0.107091,-0.115839,-1.453035,-1.531181,1.641526,1.582218,-0.703860,-1.856743,0.315068,0.163417,0.723139,-0.069669,1.191952,-0.030119,0.864279,1.128352,-0.343144,1.122931,0.388122,0.726678,-0.153394,1.449694,1.522721,0.813491,0.596105,-0.996939,-1.212369,-0.946223,-0.224788,-0.580546,-0.846449,-0.702590,-0.777446,1.573510,1.496459,-0.851558,0.951935,-0.851394,-0.713805,-0.233665,-0.799413,-0.116714,-1.675708,1.797422,-0.360049,1.122103,-1.063545,-1.495851,-0.150142,-1.043419,-0.640150,1.300589,-0.810628,1.610059,0.700469,1.341648,1.289175,-0.013441,-1.039576,0.066023,0.594335,0.794607,-0.461444,-0.305233,-1.333996,0.402365,1.060797,0.416874,1.408476,-1.348011,0.845532,-1.152450,0.308897,-0.479246,0.793406,0.425178,0.860250,-0.129355,0.838148,-0.438191,-1.429959,1.738386,-1.062054,0.615942,0.370918
0.400350,-1.640112,-0.613535,-0.069002,-1.474412,1.611421,-1.513405,0.338945,-1.199619,-1.240745,0.633420,-0.046815,0.473075,-1.861720,-1.202845,-0.605319,0.134032,-0.130102,-1.172867,-0.261526,-0.917955,1.347202,0.834192,-0.979619,-1.012270,1.179663,0.938680,0.611104,-1.722523,0.712073,0.913110,0.150540,-0.189896,0.846322,-1.072303,-1.449392,-0.612874,0.819300,-0.370372,1.019753,0.967195,1.079079,0.633836,1.351091,0.793717,-0.596740,0.045645,-0.300637,0.620606,-1.169013,1.453923,1.483430,-1.022247,1.523019,-0.591087,-1.624098,-1.641848,-0.568216,-1.085236,-1.413120,-1.513193,-1.593036,1.067386,-1.283324,-0.035668,0.832349,-1.333995,-1.447052,-1.316888,0.463669,0.889903,0.806823,1.472374,1.146826,0.974697,1.066565,0.969361,1.219765,1.228181,1.294478,1.412974,0.583604,-0.707136,-1.419369,-0.035671,-1.174113,0.150408,-0.148046,0.278478,-0.833844,0.193676,-0.242671,-0.975454,0.830048,0.337945,0.910335,0.406693,0.320681,0.828439,-1.417495
1.458113,-1.607278,-0.355115,-1.640853,-0.288537,0.151125,-0.824984,0.871314,-0.376225,-1.396134,-0.149366,0.833841,1.406988,-0.878960,-0.973116,0.510236,0.523795,-0.966976,-0.080065,1.807051,1.414361,1.487504,0.291263,0.440183,-0.621049,1.402437,-0.601242,0.076728,0.878863,0.580456,1.198392,1.384784,-0.621825,-0.042341,1.007570,0.195388,0.155661,-1.657086,-0.982396,-0.768908,1.570497,-0.981565,-1.424157,-0.500588,-1.312479,-0.485524,1.174874,-1.067099,-1.064449,-1.440092,-0.988205,1.440036,-0.653764,-0.149047,0.574957,1.138697,0.920648,0.233722,-0.080340,-0.775610,-0.817533,1.553588,-1.531244,-0.318141,-1.455145,-1.449393,0.428739,0.962275,0.044175,1.768410,1.678784,0.730234,-1.361729,-0.524545,-1.580384,0.552920,-0.436678,0.333437,-1.223216,-0.777735,-0.840584,0.554783,-0.793836,1.410475,-1.179565,1.181244,-1.150460,-1.001425,0.035030,-1.039981,1.110884,-0.089651,1.196353,0.998904,0.801209,-0.148295,-0.626336,1.015540,-0.967915,0.746603
-0.806204,0.677343,-0.495874,-0.573185,1.049146,-0.815276,-0.691897,1.391375,-1.483421,1.656574,1.234869,-0.876792,-1.110098,0.290294,-1.434947,-0.462372,0.659529,0.616007,-0.743867,1.017309,-0.919895,0.474898,-0.244344,0.887578,0.969724,1.411492,-0.848050,-1.812453,1.498728,1.543472,-0.330406,0.943727,-1.712999,0.152223,-1.036944,1.428831,-0.285982,1.579929,-1.675716,-0.729561,1.130346,-1.293299,1.353645,1.246923,-1.276229,1.335564,1.244652,-1.107662,1.151705,-0.219138,-1.129916,0.080104,0.067963,0.652370,1.743908,1.274667,-0.539554,1.269339,-1.307446,-1.504651,0.056996,1.798861,0.593144,1.306489,1.736295,1.320090,1.687908,1.572256,0.127016,-0.726921,-0.421605,0.962420,1.283170,0.643915,-0.169513,-1.075396,-1.130833,-0.527277,-0.914894,-0.422421,0.581635,-1.474105,1.114144,-0.967336,-0.260432,-1.748838,-0.646135,-1.266496,-1.596944,-1.042958,-1.073807,-0.485070,-1.095276,-0.407335,-0.912746,0.654787,-0.041388,1.541628,1.493687,0.092798
0.357461,1.470934,-0.339090,0.652849,0.783917,-0.763307,0.658511,-0.696880,0.698103,1.009745,1.216532,-0.961070,0.477602,-0.606168,-0.800356,-1.290220,-0.226221,-1.504320,0.342833,0.962306,-0.809115,1.651125,0.692161,-1.872418,0.076327,-1.583571,-1.342196,-0.364053,-1.206597,-0.721346,0.953709,-1.531000,0.614324,-1.670871,-0.265184,1.269251,-0.589358,0.989955,-0.581979,0.115880,-1.095832,-0.165765,-1.047349,0.470344,1.425306,-1.449453,1.347079,-0.791544,-0.158332,-1.159925,-0.629215,0.247907,1.685565,0.083964,0.229126,0.562309,-0.836981,-1.618607,-1.037988,-0.374991,1.490677,0.660328,-0.591409,-1.781987,-0.214058,1.366276,-1.580285,-1.383171,-0.355417,-1.227598,-0.696706,0.383667,-0.659886,0.874401,-0.289984,0.617108,-1.513980,-1.773512,0.558716,1.752616,1.104249,-1.581096,0.424354,1.012566,1.401053,0.299160,1.309264,-1.361911,0.152172,-0.143015,0.943030,-0.055747,1.726069,0.705103,1.338574,0.722629,-0.563182,-0.772155,-1.519136,0.393484
0.378999,-0.806109,0.078951,0.049790,-0.208436,-1.304025,0.651839,-0.872780,1.543345,-0.405754,0.886001,0.097891,0.875363,-1.856253,1.798832,0.591632,0.730186,-0.840861,-1.798522,0.525917,-0.291900,0.147657,1.216843,-1.160190,1.148534,1.392455,0.406880,-0.555351,-1.336427,0.393324,1.109852,1.563290,-0.725170,1.182041,1.410965,0.259206,-0.050630,1.365701,-0.227051,1.201470,-1.713269,0.859063,1.042780,-1.049033,-0.932949,0.777180,0.853373,0.551904,0.531460,-1.269531,1.043500,1.195687,0.937903,-0.103073,-0.873732,-0.971870,-1.213990,1.203418,0.390702,1.043873,1.595627,-0.309964,0.587770,-0.115126,-0.794327,-1.566165,-0.981819,-0.317965,0.430972,1.428326,-0.251614,1.364242,-0.179350,1.011556,0.017790,0.470193,0.921969,0.177853,-1.150987,-1.454370,1.001296,-0.521480,-1.085432,0.741276,1.331562,1.508592,-0.568318,-0.128584,-1.810100,-0.131179,1.369034,-1.156236,0.744297,-0.201219,-0.335499,-0.140100,-1.045370,-0.164157,-0.634889,-0.933685
-0.192734,-0.965098,1.121992,-0.481174,0.198387,0.852205,0.046241,-1.407747,-1.202656,1.288596,-0.839253,-1.038965,0.161330,-0.072076,0.465784,-1.536361,0.363951,1.227933,-0.723895,-1.052126,-1.308475,-0.200160,-0.860555,1.212713,1.483215,1.153561,1.325505,0.069297,0.730538,-1.540305,0.651925,0.026173,0.261119,-0.761496,1.345689,-1.629286,1.081123,1.327943,0.352579,1.093810,1.554149,0.522233,0.086387,-0.777252,-0.560022,1.114740,1.127187,0.686512,0.760349,0.495625,0.282169,1.053921,-1.209877,0.253233,-0.108130,0.744566,1.314093,0.306275,0.866885,0.358514,-1.178779,0.195460,-0.385106,-1.528090,0.324302,-0.253409,-0.333601,0.477960,0.163857,-0.502834,0.247206,0.727053,0.053779,0.762837,0.470226,0.959990,1.304624,-0.561474,-0.068735,1.313427,-1.415500,-1.022921,-1.454690,0.850507,1.614212,1.140661,0.763097,-1.365186,0.370447,-1.331988,-0.146658,0.706640,-0.035419,1.115749,-1.345028,0.599171,0.883112,-1.069595,-0.059898,0.573182
-1.006738,-0.051325,1.164503,-0.190398,-0.306802,0.329990,-0.517098,-0.684810,-0.582531,-1.231636,-0.431129,0.539342,1.340822,1.012728,0.514778,0.384602,0.258822,0.033062,0.915134,-0.031253,0.186259,1.312311,-1.689392,-1.393755,-1.525813,0.459823,-1.263333,0.135803,1.049247,0.749140,0.435628,0.472661,0.785224,-1.306246,-0.508408,-0.298926,0.529050,-0.427962,-0.708562,0.552585,0.327539,1.198348,1.584676,-1.636309,-1.555190,1.404622,-0.681123,-0.853271,0.589025,1.157825,1.513214,0.671829,-1.277866,-0.327561,1.583964,1.320412,-0.848360,-0.249092,-1.033727,0.611046,0.886015,1.193787,-1.478204,0.237320,-1.088321,-1.216667,1.460961,-1.322783,-1.014784,0.469169,-0.483140,-0.521910,-1.677311,0.823613,-0.476803,-0.426777,0.926125,-0.221231,-1.371334,-1.538700,0.180156,1.711199,0.179384,0.286789,-0.519266,0.976746,1.298610,1.384737,0.103556,1.076194,-0.863463,1.263589,-1.224673,-0.809708,-1.628547,1.452563,1.327212,-1.253123,0.564067,-1.084011
0.795170,-0.570893,-1.609239,-0.183432,-0.215817,0.663815,-1.535994,1.048987,1.251922,-1.348794,1.739210,-1.496548,-1.525536,-0.946989,-0.172145,0.388639,-0.505785,-1.033324,0.869331,-0.906537,0.830136,-0.178142,0.476736,0.043106,1.057980,1.247747,0.452859,-1.059967,-0.819661,-1.032736,-1.111961,-0.129680,1.005599,-1.211466,-0.337881,-1.314271,0.845236,-1.675719,0.984516,-0.929078,0.596275,-0.103093,-0.057543,-1.506141,-0.825697,-0.553225,-1.001495,1.341956,-1.588179,-1.199381,-0.899491,-0.882799,-0.954148,1.995216,-0.490368,0.009498,-0.797050,0.768887,0.371796,-1.584310,0.243500,-0.632937,0.799137,-1.291633,0.611758,-0.902337,-1.451936,-0.839461,-0.704276,-0.245712,0.199824,-0.198993,-1.580512,-0.612474,-0.920852,-0.619377,-1.115181,-1.118289,0.106892,-0.323964,1.228336,0.143917,0.292262,1.189909,0.782548,-1.791481,-0.838586,0.212701,-0.113541,-0.515798,-0.277234,-0.250348,0.531531,1.250344,0.524431,0.534654,0.282308,-0.640370,1.468658,0.273553
-0.408743,-0.184095,1.205320,0.919515,1.095738,0.327764,0.220894,0.405159,-0.991760,-0.377131,0.124549,-0.280991,1.295760,-1.429830,-0.796759,0.478930,0.508074,0.413530,-1.266898,-1.158152,0.852339,-0.182820,0.671833,-0.293877,-0.354737,1.500635,-0.265390,-0.619357,-1.121186,1.029716,-0.282793,1.484229,-0.812750,-1.382244,0.603780,-0.087834,0.302493,-1.433033,-0.190256,0.412677,0.263208,0.325221,-1.432188,0.671705,-0.997700,1.316645,0.629506,1.062279,-1.458466,0.782869,-1.256246,1.648439,1.577207,-0.510661,-1.051589,-0.414901,0.434839,-0.480925,-0.092452,0.828493,1.328454,1.327837,1.448502,0.872557,-1.380819,1.414926,1.594315,0.662360,0.674487,-1.259690,0.460387,-1.360614,1.039796,-1.019850,-0.260127,-0.180820,0.062915,-0.583938,1.935543,0.665115,0.269053,-1.219846,1.576738,-0.065373,-1.063670,-0.788868,1.256027,-0.529521,0.028700,1.285739,0.998015,-0.206474,-0.455206,1.358814,0.776265,1.071475,1.157925,-1.003687,1.343656,-0.493277
1.218446,-0.031608,0.661623,-0.570210,-0.515140,-1.145378,-0.991287,-0.235975,-0.440910,-1.091013,-1.657729,0.174524,-0.501303,0.671072,-0.296318,0.776800,-1.640440,-0.101334,-1.385165,1.101341,1.211561,0.188633,-0.644944,-0.050213,1.312223,1.302386,0.840479,0.266246,-0.212238,0.426315,-1.688039,-0.996841,-0.092153,-1.167774,-0.808332,-1.140062,0.241428,-0.222698,-0.594894,-0.837507,-1.635235,1.227560,0.122782,-1.611732,-0.534349,0.932858,0.498599,0.976374,-1.045569,-1.404722,0.051781,-0.181155,1.626844,1.348297,-0.737406,0.310946,-0.533653,0.026764,-1.546629,1.038708,-0.183824,-0.638460,0.232011,1.297394,-1.546998,-0.554695,-0.595730,0.749447,-0.738064,-0.862678,-0.874120,0.169531,0.745588,0.697192,-0.986082,1.694945,0.204119,1.528476,1.373741,1.740924,-1.583335,0.697292,-1.585704,0.267334,-0.415241,-0.340563,-1.708937,-1.806217,1.469217,1.384628,0.244035,0.294999,1.117240,1.003661,1.301297,-1.092165,-0.411843,0.670357,0.118727,1.092023
0.293704,-1.301299,0.945168,0.783443,-1.440233,-0.582617,-0.735542,-1.124508,0.645603,-1.176284,-1.052591,1.360305,0.101084,0.173758,-0.674848,-0.688631,1.590802,-1.420976,-0.134362,1.023280,0.084575,0.489213,-0.497637,-0.220221,0.972947,-0.481590,1.338296,-0.831683,-1.510775,-0.813098,-0.155762,-0.650932,0.871697,-0.539955,1.142079,0.161955,1.432219,-0.329847,0.124991,0.635309,-0.024326,-1.693517,-0.947524,-1.431094,1.598449,-1.039399,0.973410,1.636286,1.053875,1.019548,-1.024517,-0.170539,1.752749,-0.217881,0.282283,-1.405693,-1.238468,0.683819,-0.627819,-1.791349,0.478603,1.212394,-1.048734,-1.346447,-0.990678,-0.950132,0.691175,-1.516266,0.501567,-0.641225,-0.712782,-1.360891,-0.864457,0.684539,1.586928,-0.902271,0.085035,-0.010267,-0.474502,-1.463604,1.069361,-0.835071,0.865607,1.163232,-0.393882,-0.356018,1.446590,1.152488,-1.461758,0.886844,0.167098,1.251257,0.087347,-1.219148,0.600895,-0.147825,-0.315560,1.180607,-1.514382,1.649982
1.662925,-0.866582,0.665897,-1.280225,-1.293833,-1.227092,1.244821,0.550986,-1.021478,-0.980477,0.627855,1.260280,-0.554828,-0.805325,1.220394,0.212880,1.506904,1.282569,1.376830,0.197921,-1.270606,1.428766,-1.124921,-1.226673,-0.879783,-0.941406,0.802712,-1.700814,-0.666494,-1.245224,1.167934,1.615814,1.156239,-1.070239,1.354793,-0.642299,0.834338,1.318564,0.397094,1.131587,-0.015512,1.038614,0.002904,0.963848,0.076853,-1.052800,-1.295101,1.436521,-0.423470,0.131391,-0.800721,1.276739,0.480294,-0.923703,-0.379294,-1.586030,0.305494,1.304768,0.913113,-0.119175,1.262245,0.728673,-0.924877,0.200082,-0.985281,0.346629,-1.217885,1.011630,-1.657699,-0.397739,-1.452243,1.312134,1.326147,0.728362,0.060805,1.008661,0.509988,-0.839414,1.170104,-1.065782,1.119244,-1.381991,-0.230133,-0.458759,-1.457030,1.057223,-0.314908,0.306776,-0.431182,-0.533050,0.708559,-0.253370,0.308269,-1.015100,-0.950509,0.707314,0.579995,0.919596,0.490135,-0.803413
-1.228252,1.507552,0.050512,0.258497,1.698881,-0.771007,-0.594288,-0.981954,1.091178,1.618244,-1.257902,-1.730481,-0.785712,-0.373495,0.908514,-0.623863,-1.214545,1.157410,-0.559618,-1.578252,1.077174,1.549829,1.609193,-0.293663,-0.400374,0.830873,0.489831,1.567940,-0.985034,1.301207,0.174080,-1.295347,-0.296696,-0.913420,-0.936409,-1.639988,-0.413389,-0.585812,0.404164,-1.444023,0.102471,1.428721,0.547021,-0.017547,0.801146,-1.097041,0.208928,-0.898164,-0.272159,1.686347,0.022769,0.863694,0.261490,-0.285018,-0.664519,-1.221136,-1.044292,-1.558604,0.593428,-1.021612,1.115367,1.357138,0.367100,0.335664,1.109036,0.476456,0.323532,0.950175,1.231392,1.334957,1.499178,-0.501474,-0.246043,1.689153,-1.355769,1.263262,-1.461303,1.353163,-0.141258,-0.059095,-0.476207,-0.501026,-0.582079,-0.108105,1.381961,-1.204026,-0.192586,1.418974,-0.198223,0.399246,0.777661,0.367218,0.371708,-1.306626,-1.030655,-0.643941,0.558741,-0.640895,-1.077187,-1.460029
-0.747319,0.214736,1.183291,1.257091,-0.485785,1.166869,0.656798,-0.360731,-0.863669,0.458159,-0.460918,-0.850208,0.303969,-0.006910,0.830627,-1.545428,-0.994038,-0.469063,-1.622206,-0.985525,-0.859673,-0.181202,1.538475,0.102665,0.808367,-1.250065,1.410953,-0.886306,-1.384244,-1.628295,-0.305509,1.469104,0.608588,0.626740,1.263394,1.141507,1.337390,-0.877390,0.313259,-1.476168,0.584352,0.945535,-1.204828,-0.080261,1.322270,1.054953,-0.236234,-1.175659,1.646969,-0.983927,-0.302627,-1.603142,1.103554,-1.356986,0.277124,1.852972,1.073348,-0.309886,-0.178851,0.076062,-1.244135,-1.567439,-1.478501,0.813879,1.358285,-1.377184,0.163501,0.759965,-1.351156,0.291552,-1.585455,-0.209920,1.055830,-1.144885,1.519350,1.738061,-1.126476,-0.877765,-0.272629,-1.369222,0.015109,-0.537681,1.496420,0.037198,-1.192818,0.410513,-1.808690,-1.066883,-0.067096,-1.696681,0.662065,1.712191,-0.458575,-1.659028,-1.565689,-1.327226,-0.709934,-1.569126,-0.622095,1.060339
0.655715,0.790743,-1.304549,-1.761715,-0.150171,-0.082920,-0.515093,-0.690641,-0.215447,-0.449869,-0.692129,1.260420,-0.249281,-1.083643,-0.197699,1.496839,-1.969256,-0.926105,1.358835,-1.554698,0.532641,-0.693133,1.394474,-0.726463,0.602195,-0.729505,-1.172019,1.440236,0.373933,-0.043707,-1.921240,-0.655057,0.548110,-1.048012,-0.806749,-0.464968,1.238967,1.161614,0.764034,1.430952,0.287968,1.505236,-0.580972,0.266691,1.761503,-1.347192,-1.006053,-0.729644,1.145630,-0.714702,-0.691821,-0.056858,-0.021749,-1.374083,0.229635,-1.474820,0.666523,1.243144,0.129955,-0.392183,0.414857,-0.132965,-0.566913,1.323347,1.567516,0.218206,0.538967,-0.060674,0.362333,-1.336905,-0.460103,-0.126243,-0.389324,-1.375961,-1.202684,1.380703,-1.143066,0.509824,-0.361141,-0.793107,-0.319278,-0.691534,1.388311,-0.583975,1.316350,1.539503,-0.555034,0.087180,-0.261523,0.689854,0.363635,0.868969,-0.162440,0.439255,-0.980733,-0.924207,1.439722,-0.982537,0.556027,0.225316
-0.691113,-1.173259,-0.011855,0.494155,-0.207371,-0.961769,-0.964706,-1.262551,1.644203,-0.406884,-0.682068,-1.268686,0.771866,1.420622,-1.145765,-1.656025,0.779722,0.499340,0.661090,-0.056542,-0.456481,0.613019,-1.478772,-1.089103,-1.577573,1.539359,0.715939,0.121077,0.528512,-0.962264,0.013430,1.211744,-0.979458,-0.014640,1.294993,0.797226,-1.570416,1.214392,-1.686123,-1.110902,-1.052457,-0.231126,-1.260741,1.172450,-0.416213,-0.330192,0.105839,-0.342308,-1.179923,1.396502,-1.633529,0.881387,0.567808,1.193907,0.668845,-1.390187,0.266230,-1.709124,1.935612,1.105927,0.962082,-1.541174,-0.094015,0.620370,-1.809285,-0.526928,-0.687581,1.459425,-0.868929,-1.258293,-1.478588,-0.813430,-0.581370,0.316259,0.412190,0.605895,-0.368171,-0.271074,1.618509,0.981912,1.183317,-1.499278,-0.985420,0.608067,1.315658,0.566993,1.326358,0.076127,-1.933123,0.122412,1.214917,-0.756997,1.496388,1.283399,0.389916,0.301911,-0.434446,1.014688,0.504677,0.128513
1.335843,0.790743,0.824412,-0.669457,0.369164,0.462250,-1.072014,-0.328818,0.091854,1.653682,1.432225,-1.108092,0.538684,-0.261651,0.260052,1.516785,-1.807748,-0.398610,1.472213,-0.024460,0.162786,0.324889,1.441000,-1.933505,-0.171950,0.654506,-0.349438,1.048324,-1.200309,0.462138,-1.611094,-0.997769,0.114001,1.421059,0.515152,-1.726152,-1.508701,0.349625,-0.877061,0.363591,0.148260,-1.111324,0.618288,-0.216948,0.041540,0.157212,-1.550942,-0.179296,1.424155,0.648494,0.527119,0.780258,0.114376,-0.281731,1.362796,0.119142,0.190828,-1.007383,-0.635353,-1.447246,0.763157,-1.526260,0.626839,0.847527,0.676197,-0.249609,1.056769,0.131191,-0.297034,1.435243,-1.499837,0.069499,-0.643222,1.381116,0.976225,0.411108,1.065318,1.131434,1.402999,1.353181,1.428338,-0.577917,0.026193,-1.314520,-0.522762,0.459839,1.143381,-1.448097,1.732244,-1.402864,0.084120,0.249353,1.700679,1.218703,-1.128797,1.120509,1.189975,1.306915,0.313887,1.714276
1.921674,-1.424054,-0.425697,1.014806,-1.372921,-0.626266,0.601047,1.220386,-1.544954,1.251362,-0.640828,0.242037,-0.931799,-1.579645,-1.207555,0.528849,0.471888,-0.888773,0.094024,-0.235689,0.676757,1.573218,0.808513,0.450175,0.640975,1.760418,1.679104,1.220719,1.525292,1.054071,1.205116,0.715172,-0.375387,1.159090,-0.428785,0.285633,0.944691,-0.501471,-1.368095,-1.023932,1.782765,-0.985316,-0.997944,-0.676771,-1.393021,0.364856,-1.070494,0.055697,-0.188299,-0.207179,-0.410819,1.357419,-0.169963,-0.777150,0.022747,0.792662,1.009641,-1.123583,1.119042,0.261855,-1.339276,1.662102,1.116756,0.822154,1.516823,0.113646,0.390858,-1.438263,1.498061,0.998100,1.579982,-1.606641,1.003626,-0.659780,-0.716328,-0.882032,-1.409081,-0.102752,-1.312684,1.307684,1.527735,1.735553,0.991248,0.512508,-1.111572,1.608311,-0.048247,1.519301,-0.765863,-0.795214,0.711286,-0.653061,-0.610596,-1.330719,0.449079,1.331355,0.746178,-0.856524,1.530531,-1.380696
-0.708187,0.596561,1.448895,-1.600262,1.621149,0.207511,1.438544,0.058986,-1.622877,-1.565203,0.402744,0.199460,1.454801,0.447981,0.579090,-1.078776,0.612910,-0.876035,-1.843713,-1.003779,-0.002330,0.256726,0.082528,-1.181387,-0.901213,0.094261,-0.032925,-1.201678,-0.869595,1.089272,-0.110947,0.086500,1.280616,0.360855,-0.649811,-0.081808,1.646196,-0.379164,0.977915,-0.624505,0.103568,1.081270,-0.359111,-0.111186,0.230198,-0.115737,1.305392,-0.800204,-0.339782,1.033601,0.699668,-2.013476,-1.690267,-0.637856,-0.959954,0.639949,-0.856192,0.409585,-1.520480,0.376887,0.801602,-0.738883,0.466875,0.235986,1.368172,0.641786,-0.742166,0.689207,0.363430,-0.799411,0.417466,0.589332,1.301378,1.423943,-0.709469,0.666091,-0.134630,-0.742153,0.279395,0.257220,-1.464293,0.907476,0.593156,-0.500439,-0.065250,-1.140174,-0.673040,-1.389375,1.137481,0.411155,1.362648,-1.317002,0.319971,-1.075522,1.420839,1.453302,-0.800650,-0.199406,-1.797421,0.454275
1.871829,-0.284976,0.031688,-1.208537,-1.143897,-1.112533,-0.649091,-0.793576,1.359924,1.533505,1.476783,-0.161360,0.349798,-0.317076,1.777172,1.508198,1.554653,0.865406,-0.625530,-0.609732,-1.208155,0.153496,0.407244,0.658439,1.678449,-0.688071,-1.255083,-0.835998,-0.812935,1.516838,1.297363,1.191635,-0.076287,-0.151661,1.071823,-0.889402,0.142966,1.283506,-1.637280,-1.460722,0.666970,-1.733572,-0.508467,-1.644978,-1.200836,-1.213811,-0.437542,1.106167,1.236904,-0.192523,-1.336207,0.379393,-1.790101,0.184615,-0.903163,-0.703041,1.085991,0.759351,0.384963,0.655723,-1.391774,-0.586542,1.624796,-1.779333,0.018215,-1.283292,-0.718596,-1.545471,1.557919,1.489025,1.467719,-0.543797,-1.459366,1.467126,1.162597,-1.048873,-1.420688,1.583476,-0.285384,-0.621434,-0.608882,-0.281058,-0.075672,0.424169,0.204071,0.851624,0.968260,-0.334337,0.217754,-0.105138,0.869130,-1.648997,0.684651,-0.534106,1.463327,-1.626578,0.198643,-0.134809,0.472692,0.949626
-0.720239,-1.553704,0.424200,1.078074,-0.165553,-1.593321,-1.391119,-0.153907,-0.265324,-1.495607,-1.223832,1.082395,-0.564265,-1.788093,0.574602,0.617224,-1.133419,-0.605086,-0.258593,-1.485996,-0.789488,-0.190101,0.892386,0.549061,-0.745170,0.330515,1.785631,0.829046,-1.560633,-1.544029,1.655010,-1.325700,0.360204,-0.536547,-1.450666,-1.076099,0.839271,0.790090,0.914497,-1.618163,1.843403,-0.197599,0.611815,-0.432792,-0.135473,-1.049269,1.441909,-0.175797,1.084700,0.099162,0.492632,1.163132,-0.388437,-1.496450,-0.164339,-1.503855,-1.261366,-1.794338,-0.083404,-1.283072,-0.923469,1.666640,-1.127596,-0.794919,-1.696910,0.727961,-0.135621,0.663316,0.560019,-0.296333,-1.378708,-0.303278,1.237596,0.924906,-0.291102,-0.702763,-1.565743,1.278815,-0.269725,-1.248215,-1.626197,-0.180203,-0.037417,-0.914613,-0.967942,-1.686391,1.291260,-0.225860,1.353364,-1.221512,0.915935,0.922326,1.212381,-1.055358,0.280762,-1.699790,-0.492944,0.580282,-1.235049,-1.406255
1.137763,0.662702,0.487967,0.341310,-1.057238,0.423857,0.183411,1.637443,-0.666510,1.257512,-1.558274,-0.787113,0.397577,-0.224197,1.555900,-1.337915,1.266772,-0.991711,1.209744,-0.335333,1.638159,1.092415,-1.289732,0.980112,-0.655611,1.498406,-1.578727,0.648604,-1.401662,-0.021356,-1.404149,1.518019,-1.705560,-0.096621,0.387504,-0.071208,-1.879471,1.375565,1.692713,0.870107,0.531066,0.086483,-0.729281,0.736578,-1.339312,1.607820,-0.585242,1.323874,-0.082848,-1.202020,0.031074,-0.295023,0.146099,1.113805,1.836887,-0.327171,-1.616218,1.395978,-0.823362,-0.138913,0.680879,1.103740,1.693736,0.211264,-1.807773,0.510624,-1.524833,-0.367945,0.416531,-0.763150,-0.399952,0.669932,-0.294072,0.771331,1.043617,0.711637,-1.292314,-0.787565,0.155339,-0.527791,0.225946,1.757497,-1.570474,1.246558,1.362293,0.799097,-1.019642,1.476394,0.184227,1.029565,0.276999,1.379613,0.471850,0.481754,-1.491737,0.041057,-0.507518,0.865000,-0.580637,-0.912474
0.891104,0.682767,0.998178,1.245492,0.276908,0.084777,-0.730292,0.674003,-1.334830,0.789935,-1.002646,-1.298287,-1.191412,0.347468,-0.724769,0.680692,0.042765,-0.773416,0.302994,-0.153270,0.912126,-1.491452,1.096477,0.824486,1.528166,1.117787,-1.455383,1.126987,0.256813,1.177915,-0.936881,-0.096371,-0.518178,-0.213192,0.932762,-1.032065,1.430766,0.215586,-1.305688,-1.013194,0.136813,0.655245,0.702215,-1.057935,-0.105412,0.907064,-0.090327,-0.771315,0.129118,-1.274486,0.775161,-0.356669,-0.953671,-1.359709,0.325012,0.745579,-1.295186,-0.112351,0.808828,0.865681,0.514320,-1.377398,-1.416100,-0.033845,0.301733,1.396473,-0.779056,-1.495304,1.312380,1.184379,-1.052995,-1.203426,1.149011,-0.456305,1.533887,0.988144,-0.138954,1.311108,1.566828,0.520403,-0.106060,-1.345304,-0.245538,-1.384034,0.965937,-1.565503,1.294969,-0.731590,1.614292,-0.190828,0.131891,1.374228,-0.453504,-1.334028,0.793566,-0.023393,0.467316,0.660782,-1.283882,-1.140342
-0.163534,0.134093,0.147544,0.893917,-1.376770,-0.779219,-1.412650,-0.448050,1.541999,-1.592134,0.832453,-1.280260,-0.899656,-1.799910,-0.698288,-1.672058,-1.059078,-0.637711,1.220492,0.638394,1.695204,-0.918621,0.985624,-0.529298,0.615568,1.556818,0.753971,-1.841729,1.232140,0.022240,0.725454,1.214700,1.342536,0.110815,-0.486639,0.316126,1.463650,-1.716782,0.041156,0.003012,0.202132,0.432242,1.197435,-1.143369,-0.156239,1.595932,-0.281584,-0.722924,0.792787,0.627526,0.978845,0.464319,-0.451628,-0.105673,1.738966,-0.012308,0.737570,-0.281279,-1.361179,1.184103,-0.110386,-0.796183,-0.886255,1.118042,1.073389,0.286680,-0.987591,0.071907,1.467017,-0.106794,0.080099,-0.640060,-0.218327,0.129560,1.631993,-0.700090,1.366026,-1.439287,-0.713609,1.164658,-0.379695,0.035546,-1.638851,-0.498651,-1.118909,0.463178,0.873113,-0.557729,0.651028,-0.342265,1.768252,-1.602014,0.598233,-1.556205,-1.063658,0.782208,-0.467676,-1.525896,-1.612458,-1.123063
-0.877252,1.256897,-0.509062,0.175008,-0.563963,-0.805277,0.007117,0.297587,0.564041,1.643775,0.566886,0.644066,-0.480095,-0.979830,1.341934,1.103751,-0.280499,0.686354,-0.366528,0.642374,-0.973362,0.997345,1.290125,1.540275,-1.167799,-0.608566,0.634502,1.454927,1.485378,0.999386,0.330660,-1.198858,-0.265065,-0.957293,0.157110,-1.142929,0.756525,-0.959724,0.134803,0.154621,-0.090523,-0.613400,-1.206732,1.204970,1.598207,-1.052548,-0.676058,-1.667924,-0.342219,1.350918,0.983948,-0.688103,0.064446,-1.590391,0.413450,-0.481584,0.837836,-1.665946,0.526956,0.652550,-1.317573,-0.555975,-0.504450,-1.230630,0.976927,-0.060141,1.639130,1.339900,1.319687,-1.435189,0.322817,0.947621,1.305588,0.933436,0.485210,-1.630196,-1.312625,0.805070,-0.227895,-0.336275,-0.932702,0.736358,-0.464843,0.013115,-1.197850,0.072942,0.826652,-0.535401,0.966608,-1.001494,-1.292987,-0.946074,-1.105915,-0.468480,-0.807830,-1.230938,1.727625,-1.243318,0.959175,0.608963
-0.573419,1.383546,-1.170494,-1.664341,-0.974356,1.723280,1.095545,0.274539,-0.560820,-1.315278,0.627605,1.395658,0.977189,-1.374087,-1.608430,0.017277,-0.393252,0.073295,1.231796,0.216210,-0.824263,-0.091373,0.182640,1.161540,-1.085783,1.753799,-0.921427,-0.530455,-0.796559,1.000940,0.699539,0.693619,-1.625668,-1.013820,-0.644698,-1.163113,0.973140,0.519831,-1.263013,-0.117169,1.407493,-1.630453,1.253472,-0.689194,0.912855,-1.423816,-1.132090,-0.122660,0.607287,0.901510,0.421907,0.142718,-0.074500,0.321670,0.217317,0.323639,0.726578,0.059065,-0.496037,-0.164037,0.797560,1.293331,1.448915,-0.049301,0.550627,-0.011216,0.827842,-1.267839,1.429387,1.054748,1.431374,1.079429,1.363791,-1.405365,-1.091867,-0.780421,-1.211741,-1.335692,1.235532,-1.270747,0.585493,1.400550,1.252274,1.217462,-0.895032,-0.072110,1.054202,-0.579871,1.034876,-0.047282,1.769529,-0.297417,-1.527783,-0.468790,0.977794,0.465368,1.356765,0.976454,1.586041,0.745677
-0.587926,-0.310570,0.413038,-0.161317,-0.879766,-0.857210,0.509382,-1.016834,-0.206197,-0.878218,-0.855236,-1.663491,-1.487417,0.890785,-0.740977,-1.218849,-1.898592,-0.773168,0.578604,-0.880047,-0.163132,-0.138679,-1.659250,-0.526514,1.140922,-0.737497,-0.093624,0.976099,-1.336360,0.739364,0.480298,-1.283797,0.710155,0.841464,1.287539,0.175931,-0.071011,-1.411714,0.129789,0.337158,-1.202331,0.495744,1.520770,0.899141,0.718393,1.454002,-0.100846,1.604660,0.518484,0.868392,1.821702,-0.611930,0.332264,-0.753206,-0.000944,-0.760647,-0.175644,1.009426,0.561072,0.606029,0.028934,-1.277126,-0.927839,-1.568173,-0.075805,-0.174527,-0.914732,-1.096238,0.842708,0.672606,-0.680668,-1.067918,0.023467,-0.697561,-1.886660,1.385772,1.149310,-1.010124,-1.366857,1.055058,-0.803348,-0.545374,-1.334110,1.644046,-1.751589,-0.027466,1.133705,0.247718,-1.736057,1.338932,1.345804,-1.018710,-0.115915,0.562546,0.431570,-0.992250,-0.931646,-0.832915,-0.770064,0.602355
0.647531,0.344827,-1.186335,-1.742420,0.782612,-0.765496,-0.390320,-1.249854,0.737314,0.340741,0.623182,-1.659159,1.417888,-0.720120,0.585099,-1.225932,0.635818,0.753481,-1.348725,-0.759918,0.296269,-0.842825,0.045998,1.001417,-0.255063,0.454644,0.166656,-0.159124,-1.207034,1.449337,-1.779526,-0.055087,1.352967,1.790970,0.877646,0.997718,1.185626,-1.762926,-0.068328,1.200578,-1.415898,-0.348338,-0.986839,1.382049,-1.277266,-0.864612,1.647503,1.133497,-1.019653,0.934660,0.069249,0.290631,0.755988,1.200083,-1.339365,1.053029,-1.067892,0.953381,1.115310,-1.428024,-1.575217,0.698317,-1.010423,1.065655,0.531367,-1.009191,-0.543571,-0.376735,-0.018942,0.222883,1.694399,-0.866506,-0.700408,-0.890799,-0.247566,-0.500235,1.304289,0.767965,-0.028853,0.431094,-0.742328,-0.974177,1.651464,-0.711295,0.576457,-0.845182,0.261199,0.267404,-1.641423,0.044578,-0.830845,-0.905986,0.078056,0.544692,-0.347936,-0.020840,-1.097526,-0.930565,-1.658562,-0.068002
0.308583,0.390765,1.358789,-1.651711,-0.416533,0.087842,-0.186278,1.227409,-0.763743,0.728699,-1.423435,1.320288,-0.518471,-0.444426,0.851137,1.614159,1.194436,-0.559049,-0.174270,1.118840,0.306903,1.682674,1.311456,0.203157,1.552785,0.688634,0.370286,-0.500558,0.275005,-1.057920,-1.316263,0.567672,1.196927,-0.548766,-0.062332,-0.428739,-0.881568,-0.464855,-0.357710,-1.010804,-0.756547,-0.773897,-1.248877,-1.468829,1.655772,-1.004429,0.432132,-0.041293,-1.202716,-0.769010,-0.048478,1.123314,-0.597680,1.500592,1.090034,0.417841,-0.132166,1.333299,-0.358410,-0.053985,0.628010,0.167110,-0.873473,0.909214,0.850767,1.435982,0.729501,0.269141,0.804392,0.115977,0.420658,1.576615,-1.048505,1.368072,1.164945,0.402846,0.552922,0.794721,0.969702,1.676272,1.589661,-0.235292,1.323500,1.322417,0.563780,0.553087,-1.593989,-0.488996,1.692424,-0.918925,-0.893976,-0.611237,0.659829,-1.446185,0.142460,0.391448,-0.091688,1.215168,1.410946,0.292319
1.712398,1.593132,0.343045,1.409935,0.390760,0.192584,0.012914,-1.354466,-0.514879,-0.452960,0.878295,1.286514,1.160259,1.373587,1.158270,1.591988,1.141945,-0.609721,0.690942,-0.483701,0.637970,-1.497048,-1.173157,-0.229000,0.628803,0.680025,-1.442971,-1.538262,0.038983,-0.849439,0.031312,1.626367,1.287827,1.373052,-0.879973,1.310235,-1.179553,0.506956,-0.372211,1.450429,-0.822012,-0.801648,-1.342596,-1.254015,-0.426614,-1.060053,-0.984625,0.079702,0.147792,-0.726724,0.482465,-0.888722,0.809800,1.018355,-0.867410,1.113637,0.992714,-1.570552,0.770381,-1.196743,0.586806,-1.683853,1.667138,-1.755243,0.761985,-1.600998,-0.568813,1.649414,-1.296238,1.482438,-0.749626,-0.987561,0.252035,-1.352287,1.673479,1.010257,-1.000153,-0.280073,-1.273316,0.050814,0.736450,1.046936,0.553872,-1.665339,1.898092,0.000588,1.545311,1.084611,-0.420657,1.364937,-0.961318,-0.491288,-0.238681,1.194404,1.483302,-1.413892,-1.528486,0.563591,1.177999,0.496202
0.263201,0.152593,-0.977461,-0.565475,-1.580604,-0.350798,1.673943,0.815773,1.564815,0.470792,-0.393170,0.560806,-1.057340,0.342061,-1.293304,-1.619457,0.015772,1.578854,-1.540504,0.588126,1.434256,-0.983795,-1.488657,0.620469,-1.251700,0.152879,1.383820,1.491331,-0.634515,1.368294,1.057950,1.512484,-0.591100,-0.356015,-0.229759,-0.274495,1.785036,0.028249,-1.759609,-0.758064,0.195256,0.341653,0.927090,0.665859,-0.464484,0.454220,1.473155,0.796215,0.924876,-0.741729,1.442712,-1.401890,1.479912,-0.036261,-0.981827,-1.542968,-0.419655,0.041501,-0.160896,1.036384,-0.424447,1.718557,-0.726636,-0.467025,1.118489,1.458476,0.462589,0.573065,1.090373,-0.188175,-1.483011,0.947517,-0.223029,-0.948839,-0.734294,-0.475795,-1.488947,-0.816293,1.459055,-0.424622,-0.045643,-0.329164,0.141198,-0.579874,0.960251,0.053769,0.538514,-1.481552,-1.251065,0.181990,-1.226129,0.926460,0.188020,-1.101441,-0.767913,-0.565554,-1.517839,-0.683752,-0.417777,0.702132
0.646415,1.526435,1.515315,-0.759845,-0.194496,1.218364,0.160513,0.338400,-1.129757,0.825938,0.517975,-0.254862,-1.707453,0.506070,-0.813486,0.954953,-0.591544,-0.720620,-1.334024,1.534436,1.155486,-1.308117,1.122230,0.171468,-1.112561,-0.030520,-0.561734,-0.958668,0.202877,-0.966133,0.516463,-0.207641,-1.191749,-1.332316,1.247100,1.132395,-1.919471,-1.155333,0.340242,0.456768,-1.348988,1.081236,0.753143,-0.130119,0.590271,0.380244,1.772917,-0.393609,-0.213426,-0.389994,-0.498975,1.431394,-0.471922,1.191632,-1.571640,-1.559697,1.229069,-0.112803,-1.468654,0.648455,1.306866,0.577703,-0.071207,0.755303,-0.092899,-0.730741,1.536553,0.531507,0.465927,0.967833,1.267498,0.203762,0.745552,1.249079,-0.179801,0.965058,1.554889,-0.162563,0.298399,0.085857,0.304746,1.048886,-1.540896,-1.557724,0.647753,0.480423,-0.000337,-0.023233,0.912398,0.779776,-1.496169,-1.275908,-0.236270,1.454530,0.766260,-1.615925,-1.360613,0.640976,1.285000,-0.269440
-0.300609,0.221725,-0.113639,0.652071,-0.754791,1.267597,1.672703,0.188140,0.439850,-0.449736,0.531461,0.021014,-0.885343,0.678667,0.381369,0.786243,0.325138,-1.396135,1.348087,-1.168000,0.542438,-0.083283,-0.895338,-1.470194,-0.426467,-0.975877,0.564456,1.185719,-0.243678,-1.340810,-0.446242,1.359072,-0.224747,-1.406393,0.813294,0.659899,0.216612,1.530473,-0.175250,0.268131,-0.850576,-1.454666,-0.955838,-0.657073,1.459547,-1.103127,1.816475,-1.360968,0.959958,1.140536,1.008193,0.547345,-0.913156,0.220766,1.219602,0.724821,-1.401627,-0.290023,-1.273632,1.443719,0.761186,0.203058,-0.143007,-0.957926,0.900711,-1.185306,-1.428773,-0.805627,0.740520,-1.316660,0.342316,-0.469767,-1.140914,0.889578,-1.537556,-0.921226,0.678842,1.390094,0.297995,-1.528287,-1.032837,0.765782,1.589330,1.167895,-0.142424,-0.013043,0.797353,0.786755,1.436721,-1.268715,0.778041,1.290163,0.475786,1.478898,0.190333,0.018891,-1.383988,0.800272,1.024682,0.280954
-1.305996,-1.413969,1.402037,0.744454,1.504311,-1.538100,0.632003,0.963134,-0.731470,-1.400063,1.017750,0.999415,-1.347146,1.244248,-0.090957,-0.712273,1.075337,0.597111,0.705089,-0.287707,-0.334701,0.157365,-0.288120,-0.238600,0.968798,-0.414466,0.107509,-1.024488,1.357901,-0.002771,-0.753150,1.617085,-0.916196,1.766060,1.461034,1.514030,1.424266,1.614780,-0.392160,0.173741,1.799259,0.563860,-0.497457,0.223508,-1.195238,1.133218,-1.714128,0.685335,-0.422474,0.321693,0.276583,0.785324,0.283543,0.888451,0.717933,0.907585,-0.068003,1.119972,1.284799,0.680109,-0.493614,-0.752531,-0.345210,1.031905,1.809597,0.038256,-0.472146,-0.725563,1.229128,0.835897,-0.532753,0.683728,1.153291,-1.080235,-1.075019,0.671229,0.270615,1.409443,-0.391834,0.851919,-1.526363,-0.863290,-0.135850,0.702435,1.115636,0.463075,0.926890,-0.454387,1.692571,0.296662,1.394921,1.397051,0.712807,-0.665186,1.724193,-0.899019,1.754478,-0.299515,1.525357,-1.131124
-0.228817,-0.304206,1.048242,-0.560741,1.449583,-1.062023,0.933034,1.308727,1.279570,0.024657,-1.483866,-0.238483,-0.187190,-0.460648,0.719138,1.622679,-0.683686,0.409142,-1.644410,-1.388778,-1.289077,1.419868,-0.640151,1.072824,0.548741,-0.353173,-0.666861,0.109776,-1.684730,-1.585297,-0.670608,0.934205,-0.088731,0.472387,0.235711,0.991801,-0.321657,0.466222,-0.375711,0.149769,-0.126693,0.000342,-1.261810,-1.621534,-0.350252,1.485976,0.105410,-0.932422,-1.240887,-1.342254,0.974525,-0.187078,-0.314001,1.403227,-0.840123,-0.814746,0.144857,-1.967216,0.525125,1.281648,-1.426578,0.140060,1.505831,0.639383,1.171624,1.356278,0.090642,-0.764657,-0.423783,-1.260154,1.200656,-0.689816,0.679175,-1.369411,-0.893456,0.218057,1.075272,0.161205,-1.313676,0.378787,-0.203209,0.098860,-0.923697,-0.758514,-0.009511,1.384744,-0.578939,0.632170,-0.301895,1.023252,-0.876821,-0.190217,0.328800,-1.686720,0.705464,0.543923,-0.758007,-0.241542,-0.721615,-0.060304
0.094248,0.512372,1.472030,1.261724,1.492500,-1.588953,-1.376975,-0.768072,-0.842303,1.193484,-1.519509,0.251401,-1.235326,0.121355,1.653184,1.239103,0.444712,-0.455050,-1.471638,-1.206533,-1.427867,1.241862,-0.023197,0.783946,-0.536427,-0.134961,1.055953,-0.261828,0.635645,1.314610,1.088989,0.362767,-0.541893,0.465135,0.813756,1.600064,0.951192,0.638989,-0.387867,-1.057785,0.294624,-0.529881,0.674990,1.411314,1.491025,1.066526,0.702284,-0.302923,0.488517,0.812149,-0.634243,0.474599,1.627980,1.161765,-1.531694,0.221481,-0.360760,-1.878448,1.416124,1.129834,-0.977061,-0.161879,-0.672028,0.314361,0.760370,-1.076843,-0.000457,1.348690,-0.530052,1.186553,0.391737,1.335750,0.291644,0.786116,-1.459877,-0.961495,1.282838,-1.453479,-1.652459,0.706107,0.787038,-1.188296,0.107335,0.277920,0.238451,0.335543,-1.066608,1.802384,-1.121852,-1.064982,-1.112707,0.180747,-1.085595,0.461763,-0.271541,-1.557041,1.503078,-0.154549,0.142672,1.429614
-0.528037,1.229042,-0.960958,-1.336629,-0.651377,-1.300448,0.386030,-1.171628,-1.318749,-0.111212,-0.716174,-0.534631,1.279810,0.089110,-0.781367,-0.928712,-1.059479,-1.190366,0.884865,-0.848686,1.405968,-1.199013,-0.124870,0.765283,1.360465,1.509896,0.020736,0.209637,1.043060,1.311087,1.651776,-1.305659,-0.356469,-1.773201,-1.512495,-1.026693,-0.145306,-0.152027,1.005872,1.725857,0.061071,0.594200,0.480894,1.285156,1.237961,0.102376,-0.772174,1.051437,-0.848844,-0.537248,0.096138,-0.116082,0.825369,-0.922511,-1.166842,-1.136986,0.773778,-1.022912,-0.648767,0.638568,-0.449157,-0.212389,-0.292221,0.792165,-1.222557,-1.212319,-1.424545,-0.085940,1.324318,0.872817,-1.662397,-1.001080,-0.709635,-0.645421,-0.566485,-0.443337,-1.214623,-1.410317,-0.666413,0.514076,1.356918,-1.642787,-0.520356,-0.293896,0.717129,0.664784,1.547469,-0.439316,0.872247,0.150569,0.853460,0.189466,-0.300171,-0.288112,0.392244,-0.571095,-0.879693,-0.282267,-1.618999,1.499292
-0.542098,1.065010,-0.131985,-0.836706,-1.524190,-0.932646,0.793567,0.379894,1.383603,0.791664,1.354060,1.168286,-0.677896,1.597474,-0.955314,0.783095,1.246198,-1.210996,-0.198194,0.374254,1.067043,1.571987,0.923156,0.213435,-0.274881,-1.446024,-1.277902,-1.005585,-1.371062,-0.462775,0.257313,0.167864,0.589804,1.041031,1.485937,1.282428,-1.137989,-0.246647,1.570640,-0.754282,-0.641344,1.442198,0.620890,-0.620468,0.473518,0.828579,0.330095,0.162351,0.513644,0.008881,-1.505490,0.919194,1.387746,-0.603367,1.618300,0.075422,-1.618090,-0.112125,-1.016546,-1.254923,-0.766668,-0.984262,1.379114,-0.104765,-1.503711,1.708440,-0.982160,-0.549218,-0.992110,1.104479,-0.863735,-1.619189,-0.280811,0.696552,-0.086466,1.721745,-0.376383,0.673404,1.091921,0.327753,0.998948,-0.050845,0.318681,0.974076,0.954105,0.851934,0.766975,-0.318261,0.665123,0.300751,0.189775,-1.034689,1.796211,-1.247859,-0.176526,0.919940,1.675671,-0.776909,0.437177,0.563766
-0.411682,0.712534,-0.447063,-1.555446,1.358804,-1.266580,-1.552026,1.585209,-1.066385,1.569973,-1.611983,-1.689430,1.303317,-1.089686,0.177677,0.778134,0.545828,-0.555652,1.354917,-1.211302,-1.255031,0.578691,-0.431415,0.015342,0.350079,-1.399237,-0.705271,-0.763876,-0.346507,1.038491,-1.681722,0.578053,-0.627695,1.118009,1.261613,1.449233,0.895939,0.186688,0.399691,-0.617549,-0.324698,1.210199,-0.380022,-0.975624,0.465778,-1.075473,1.527895,0.038274,-0.246208,-0.124955,-0.775023,0.932976,-0.128386,1.096326,-0.980374,-0.113489,-1.367097,0.643868,0.924450,-1.609172,0.751591,0.544041,-1.100000,-0.826276,-1.114515,0.694135,1.097930,-0.145114,0.051207,-0.929108,0.638339,1.046304,-0.296353,-1.520213,0.615186,-0.507143,0.454049,0.312912,1.685885,-0.444328,-1.429912,-0.696249,0.111315,-1.243428,-1.467210,-0.943868,-0.985150,1.249839,-1.137824,-0.558445,-1.176943,-1.415730,-0.942759,0.986392,-0.120421,-1.020294,-1.521958,-1.124486,-1.544332,0.631165
-1.243801,1.325646,-0.933366,1.415447,-1.658472,0.346632,-0.888099,0.323704,-1.604961,1.026832,0.059120,-1.466141,-0.969966,-0.152510,0.198855,-0.671524,0.756997,-0.736862,0.490849,0.941169,-1.062874,1.527037,0.311330,-1.111800,-1.422583,0.067817,0.358404,-0.250219,0.284689,-1.653531,-1.172623,-0.626939,-0.250273,-0.664105,-0.202745,1.262426,0.614626,-0.802913,-0.035933,-1.086466,-1.513748,1.225867,-1.447212,-0.755628,1.336367,-0.548400,0.450249,-1.356683,-0.349908,-1.361548,0.174983,-0.257290,1.562225,1.523271,1.985350,0.508210,-0.228429,0.635689,-0.875962,1.099213,0.175155,0.360957,1.486124,0.149200,1.574527,-1.323213,-1.036574,0.933626,-1.225060,0.207074,0.840482,0.346497,1.494196,0.661544,-1.835371,-1.536517,0.001580,-0.601383,0.406356,1.177382,0.151340,0.978128,-0.523650,-0.186277,-1.655270,0.596768,-0.292655,1.161792,0.025204,1.028920,0.806379,1.124743,0.834687,-1.526494,-0.954990,-1.291525,-1.063858,0.483747,1.468309,1.096351
-0.077309,0.413786,0.367727,1.253507,1.087360,0.853920,0.469930,1.585925,0.491798,-1.199555,0.694461,1.062229,-0.279334,-0.581796,1.595770,-1.684125,-1.664974,1.200580,1.360777,1.064798,-0.480957,0.148712,-1.293560,1.400208,0.827088,1.070591,0.570738,-0.283335,0.361626,-0.494625,-1.264252,-1.187068,1.049909,-1.318357,0.812470,0.839009,-0.161748,1.212593,-0.388914,0.775860,0.627179,1.112805,-1.170686,0.300804,0.061685,-1.089315,1.228562,-0.015521,0.758976,1.223014,1.444202,-0.328099,1.649080,1.307379,-0.104133,-0.492288,1.228542,0.729349,0.167134,1.089252,-1.314649,0.113081,1.536046,1.101765,0.284796,-0.731632,-0.008928,-1.570994,-1.593014,0.997870,0.858635,1.294500,-1.229886,-0.473294,1.186527,-0.812741,-0.683358,0.852801,-1.273463,0.750263,0.207496,0.158345,-1.542979,-0.507135,1.923177,-0.568950,1.457211,-0.630146,-1.178895,1.198004,-1.223920,-0.142314,-0.631908,-0.643437,-0.961382,-0.894585,0.084143,0.292842,0.834382,-1.289367
-1.365301,1.314449,0.441993,0.562123,-1.122129,0.824614,-0.764675,1.669289,-0.483192,-1.336943,-0.209764,-0.895801,1.433698,-0.294611,-0.571778,-0.926249,-0.026542,-1.276177,1.356651,-0.735488,-0.045799,-0.364449,-0.799424,1.032035,-0.159881,0.188859,0.582090,1.023564,-0.844107,-0.091103,0.151618,0.770790,-1.005654,-0.259495,-1.112775,0.091748,-1.668790,-1.785096,-1.788427,-0.385392,0.221991,1.375111,1.612789,-0.236912,-0.065435,-0.917871,-1.436099,-0.552014,-0.920346,-0.586068,1.364501,-0.495940,0.935412,0.598271,1.552171,-1.411627,-0.016869,-0.974743,0.966065,1.776898,1.021523,0.128066,-0.435372,0.844415,-1.343321,-0.077157,0.767314,0.160024,1.562104,0.386239,1.199194,0.155319,0.906796,-0.705948,1.166324,-1.660317,1.052649,0.857543,-0.037308,-1.191579,1.277850,-1.708272,1.009569,-0.580925,0.022872,-0.234545,-1.419279,0.790327,-1.529327,-0.830114,0.374197,1.099905,-1.372652,-0.464861,-1.384764,0.440717,-1.015345,-0.260560,1.184606,0.427811
0.339941,0.029943,1.431692,0.317166,1.572292,0.361230,0.799838,0.850925,-0.201433,1.448433,-0.484249,-0.955248,0.006328,1.974873,1.063916,0.753397,0.034813,0.149375,0.312286,-1.299308,-0.010087,-1.303088,-0.540298,0.569723,1.618377,-1.129263,0.206996,-0.049126,-0.525365,-0.285005,0.500943,-0.946826,-1.599219,-0.913420,1.564571,0.089389,0.857204,1.471016,1.436735,-0.873322,0.442780,1.401203,-1.493599,-0.687101,1.557193,-1.356087,0.539235,-1.694147,1.196776,1.060882,-0.500725,-0.767032,0.001622,0.239582,-0.749578,-0.461116,-1.609317,0.699989,-0.128399,0.842549,-0.955374,1.565512,-1.499903,0.583679,-1.384246,-1.017065,1.228413,-0.309323,-0.535163,1.308246,-1.368094,1.548573,-0.648414,-0.658856,1.465078,0.627696,0.092409,1.441183,-0.878467,0.195972,-1.014722,1.269492,-0.566845,-1.840232,-0.130016,1.085828,1.155924,-1.130592,-1.660263,-0.196531,-0.163674,-1.594369,0.245680,-0.135490,-0.026865,-1.497572,0.904501,1.400957,-0.448014,-0.339614
-1.561141,-0.609006,-0.198994,-0.668882,-1.230110,1.270261,-0.366437,-1.423206,-0.015734,-0.889255,0.245095,0.269218,-0.341774,-1.828592,-0.103160,-0.704643,-0.316722,1.009674,1.115851,1.544215,-1.308846,0.483129,1.844685,0.977757,-1.402230,0.452140,0.316550,-1.656476,0.668397,-0.800800,-1.917964,-1.231102,1.131585,-0.605475,0.900537,-0.360783,0.099987,0.081893,0.315351,-0.459840,-1.741187,0.169902,-0.638151,1.399156,1.443031,-0.380109,1.048603,0.980877,-0.224136,0.115181,-1.454362,0.519595,1.097766,-1.080656,0.885725,-0.614552,-1.007662,0.911054,-1.014328,-1.423302,0.897680,1.018477,-0.651563,-1.848742,-0.094593,1.415988,-0.080114,0.969189,-1.288074,-0.567155,-0.887965,0.141039,-0.569407,-1.622144,0.517043,0.904897,-1.339870,-0.212820,0.282777,-1.067329,-1.457275,-0.425872,-0.907469,1.349199,0.070121,-1.454514,0.070872,-1.151804,0.602743,-0.172069,-0.117595,-0.656223,-0.996163,-1.451769,-0.060320,0.504931,-0.748055,1.602847,-0.570220,0.525606
-1.252766,0.093929,-0.531975,0.479547,0.362365,1.538175,-0.189523,-1.228568,-0.831361,0.685781,0.382195,-0.203552,0.650608,-1.142527,-0.492296,0.018201,0.916586,-0.693975,0.413703,0.979599,1.689052,-1.298867,0.079072,-0.569730,-1.623954,-0.986681,-0.133056,-0.774218,-1.293117,-1.518449,0.066641,-1.042112,1.116592,0.951219,0.542660,0.013882,-0.924471,-1.548505,0.628362,1.570824,-1.470647,0.916623,0.545180,0.698976,0.092955,-0.250635,-0.180949,-0.913717,0.279022,0.638058,-0.862247,0.338048,1.215611,1.505323,-1.236677,0.914275,-0.036044,-0.278377,0.376690,0.339367,1.304468,-0.762802,-0.503106,-0.711723,1.144013,-1.199480,-0.928566,1.147079,1.555518,-0.432913,-0.423489,-0.608180,1.430134,-1.634891,0.266335,0.735799,-1.317676,-0.797429,-1.119743,-0.016624,-1.109188,0.706332,1.163481,-1.039198,-0.382243,-1.612987,1.447062,-0.648641,0.608300,-1.620586,-0.997249,0.112973,0.784935,-0.354393,-1.545275,1.196478,-1.598445,1.493426,-1.192367,0.798407
1.292172,1.044771,1.281686,-0.661037,1.076648,0.623086,-1.332171,-1.070159,-0.247686,1.591117,1.034803,-1.894056,-1.233341,-0.292027,-1.859314,-0.748232,-0.830472,0.812575,0.077000,-0.739777,0.715311,-1.732303,0.518022,-0.963346,-1.424338,-1.596308,-1.475387,0.109365,-0.726314,1.047818,-1.312556,-0.649935,0.513662,1.281136,-1.083320,-0.641863,-1.305890,1.003764,-0.848202,1.446719,0.126060,-1.128054,-1.030436,-1.703679,-0.107036,1.605770,0.455392,1.248846,0.901740,-1.041154,0.903464,0.325309,-1.472273,0.334960,-0.490005,0.112741,-0.884287,-1.391259,-0.288347,0.169254,-1.644653,-1.065620,-0.959295,-1.174413,-1.063310,-1.210505,1.532488,1.685640,-1.412764,0.652615,-0.067816,1.229287,0.429066,-1.373733,0.120928,-1.188706,-1.393962,1.600713,-0.334308,0.889266,-1.597602,-0.326753,-1.157825,0.509598,-0.633970,-1.363707,1.235898,1.274102,-0.024479,1.831372,0.900299,-0.603734,0.646212,0.796614,-1.349301,-1.132971,1.459019,-0.158254,0.174412,0.367284
0.242705,-0.318673,1.228970,-1.381738,1.066313,0.604436,1.489518,-1.537249,1.360028,1.306880,0.230290,-1.210502,1.269363,-0.329322,1.647398,-0.113763,1.363547,1.595167,-0.204158,1.210936,-1.434582,0.373497,-0.639965,0.753471,-0.352234,0.811288,-0.695243,0.492168,-0.513864,-0.029474,0.717203,-0.672106,-0.265401,1.187299,-0.697935,-0.523993,-1.224023,1.388093,-0.398112,0.715965,-0.740199,-1.444718,0.187703,0.423740,0.228712,-1.058760,-0.763797,0.130760,1.054870,-1.100728,0.339264,-0.522274,0.447179,-0.980908,1.748631,-0.291299,-0.833540,0.579078,-0.223319,-1.056255,-0.066060,-0.436206,0.437969,0.823898,-1.154139,-1.247823,-1.342593,-0.923276,-0.269626,-1.248268,0.299626,1.261686,0.604272,-0.132949,1.355343,-1.457221,0.598202,0.421285,1.553705,-0.518678,-1.080271,1.131555,-1.323368,0.344104,-0.431259,1.486597,-0.628737,-1.451447,1.614807,-0.164357,0.012498,-1.184478,-0.860844,0.386796,0.812638,1.447089,0.270164,-1.006343,-0.996090,-1.319674
-1.309828,1.476464,-0.370366,-1.551233,-0.083289,0.106637,-0.185986,-1.134259,1.307424,-1.507505,-1.350943,1.035574,0.252360,1.838815,1.114023,-1.084045,0.530070,0.825279,0.173042,1.642899,-1.368318,1.118513,0.989675,0.358284,-1.326139,-1.006540,-1.070488,-0.240836,0.533489,0.433915,-1.860237,1.486497,-1.282549,-1.161502,-1.323246,-1.195348,-0.581328,1.449420,-0.632807,-1.253770,1.324693,-1.483556,1.282219,1.008691,-0.803169,1.545384,-1.756498,1.349369,-0.127816,-0.416418,0.789425,-1.023672,1.736044,-1.226559,-1.247832,-0.664275,0.360948,0.996122,1.360109,1.416971,-0.966448,1.139020,-0.325882,0.986631,-0.310205,-0.061887,-1.603017,0.225119,-1.605631,-1.521868,-1.253830,-1.538548,1.598850,-1.195923,0.525392,-1.418555,0.075919,0.051655,0.936767,-0.841562,1.292912,0.068479,0.374571,-0.503209,-1.050110,-0.869655,1.189437,0.481530,0.879791,1.701922,1.353846,0.632267,-0.367475,1.224597,-0.713023,-0.112225,0.760752,1.435027,-1.821324,1.098565
-0.257459,-0.796789,-0.332496,1.491024,1.623038,0.464586,-0.366546,0.136383,1.250507,1.538957,0.653363,1.251547,1.064354,-1.446848,0.231679,0.122041,-0.221442,-0.277307,1.111933,-0.889415,0.511709,-0.499299,-1.081219,-0.722466,0.573222,-1.081690,-1.120364,0.716925,0.425717,1.442566,-0.841035,-0.659044,0.635858,1.751955,-1.449571,0.897744,-0.535060,0.784068,-0.675554,-0.806471,1.048935,-0.491441,-0.024099,0.174979,0.900174,-0.752544,0.599312,-0.705292,-0.089679,1.531543,1.209047,-0.252858,-0.722046,0.502856,0.224148,0.262308,-0.112499,0.434724,-0.713937,-0.251326,1.443426,-1.173888,1.160477,-0.005600,-1.702740,1.096111,-0.460840,0.328720,1.057031,0.724973,0.184017,-1.587679,1.132311,-1.493664,0.355533,1.322798,0.677502,0.271065,-0.952680,-1.072213,0.299546,0.931865,1.220366,1.645868,-0.841368,-0.582305,1.493961,-0.226046,0.531714,-1.351895,1.792310,-0.495561,0.315999,-1.467589,1.642935,-1.074332,1.640889,1.632687,1.107388,-0.807410
0.737476,0.523673,0.809824,-0.812123,-0.622606,0.782863,1.257947,-1.418467,-1.433403,0.004145,-0.015048,1.244498,0.317028,-0.157043,1.003684,1.171256,1.088724,0.986992,-1.481277,-0.186724,-0.917621,-0.533240,0.193306,-1.800857,1.706599,-1.242074,-1.308895,-1.148357,1.508479,1.200404,0.661739,0.317083,0.928250,-0.894529,-0.541359,-0.976887,1.709479,0.527479,-1.175101,1.044118,0.802618,-1.422261,-1.513236,1.008159,1.638979,-0.589046,1.170822,1.728773,0.914166,0.020396,1.481669,-0.976963,-0.221834,1.100912,-1.406736,-1.499262,-1.375266,0.540822,-0.818433,-1.038472,0.320126,-0.323049,-0.715817,-1.836787,0.171554,-0.666992,1.603879,-0.940414,-1.005351,-0.963393,-0.201655,-1.216911,-0.582037,-0.235735,-1.711993,-0.926364,-0.171163,0.992602,1.102470,-0.388926,-1.434856,-1.099706,1.005178,-0.024779,-1.603441,-0.353609,-1.504597,1.362112,0.191992,-1.483482,-1.386793,0.526282,-1.097014,1.158937,-0.569163,-1.576560,-0.382931,0.474041,0.467449,-1.477236
1.928035,-0.894193,1.579119,-1.451803,-0.751014,-0.881990,0.038693,1.790806,1.131459,-1.311953,-1.716318,0.618324,-0.201990,-1.440923,-1.504440,-0.367667,0.687434,-0.123131,-1.030225,1.647977,1.000635,-1.234713,-0.925996,1.556262,1.358888,-0.620502,-0.786594,1.224623,1.229248,-1.837268,1.281443,-0.007651,-1.452664,-0.549419,-0.615376,0.868812,-1.872489,-0.029028,-1.275999,-0.597715,1.205173,-0.511026,0.220957,0.121599,-0.179286,0.575811,-0.775135,-1.271436,-1.006746,0.812244,-1.593619,-1.857179,0.568431,-1.175023,-1.473563,1.302729,1.425773,-1.182379,0.360987,-1.617270,-0.625837,-1.172094,-0.020390,1.213514,1.559757,1.573478,1.314082,1.456556,0.334993,1.304953,1.184157,-0.768514,-0.547900,-0.688498,-0.889915,-1.452430,-0.732325,1.457382,-0.795946,-1.314855,-1.169235,-0.805577,-0.397014,0.574730,1.778548,-1.020215,0.678605,1.484730,-1.426943,-0.671180,-1.491289,1.049258,0.436495,1.091897,-0.876025,1.285243,-0.295352,0.277562,0.844169,-1.410177
-1.039882,0.727522,-0.793638,0.683790,-0.966357,-1.035344,0.918850,-1.324434,1.538893,-1.086991,0.616047,-0.848770,0.533425,0.824942,-0.774654,0.546709,0.529632,1.567283,-0.417427,0.294958,1.132380,-0.747438,-0.366011,0.170968,-0.781960,0.668226,-1.724780,-0.634939,0.186736,0.028320,-1.169170,0.728097,-0.864138,1.092809,-0.356286,-1.536141,-0.311333,-0.430939,0.467077,-0.481601,0.797096,0.711245,-0.722618,1.359263,0.718669,1.347042,-1.250959,0.822783,0.216342,-0.883368,-0.349777,-1.344603,0.450256,-1.308506,-0.055663,0.653040,0.441231,-0.644576,1.640784,0.035627,0.352820,0.952700,1.878437,-0.532850,0.034168,0.618128,0.014333,-0.746894,-1.056873,-0.938593,-1.292290,1.029707,-0.031158,0.636487,0.192905,-1.349989,0.964401,-1.596986,0.792310,0.386937,-0.409618,0.838029,1.476486,0.451968,1.393216,-0.411403,0.695665,0.465901,0.529580,0.869627,-0.336533,0.478448,0.784687,0.187815,1.569285,-1.202794,1.287404,1.053905,0.977317,1.239442
-1.525598,-1.328111,0.190572,1.160617,-0.601696,-1.419752,-1.635550,-0.193629,0.659203,-0.007025,0.940334,0.528715,-0.676921,-1.414165,0.056434,-0.195980,-1.057910,0.217492,-0.445928,0.723764,-1.137508,-0.210993,1.376339,-1.522403,1.197771,-0.951113,1.832442,-0.574769,-1.483468,1.099428,-0.074492,1.091021,0.742088,1.115144,-0.242260,1.386504,-0.707167,0.247115,-0.378885,-0.223366,0.253809,-1.267506,0.146294,1.143319,-1.200801,1.403518,-0.145885,0.421245,0.156717,0.445599,0.725515,1.203323,1.160077,0.070457,-0.396189,1.168929,1.354270,0.233495,-1.450793,1.412765,0.525163,1.084323,0.586047,-1.702070,0.035034,-1.605196,0.577463,-0.539178,0.419207,-0.962503,-0.087892,0.720968,-0.692689,1.372443,0.421732,0.078780,0.895726,-0.306448,1.626559,-0.002628,-1.236931,-1.184325,-0.556552,-0.518948,-0.228356,-0.360356,-0.644516,0.566451,0.896978,-0.741626,-1.046988,-0.464679,-0.893220,-0.987078,1.657213,1.212565,0.909393,-1.157900,0.469930,1.749528
1.441225,-0.769699,1.265514,-0.203924,-0.692956,1.069718,0.601266,-1.485506,0.036075,0.656294,1.297551,0.915663,-1.722497,-0.405024,-1.326647,1.670271,0.902615,-1.695994,0.714208,-1.458155,-0.041519,-0.936770,1.431153,-1.082395,-0.768554,0.849498,0.854367,-1.415818,1.338398,0.254280,0.128575,0.138165,0.391231,-1.175606,0.644746,-0.801407,0.005082,0.158413,-0.150936,-0.164756,-1.573317,1.296240,0.532234,0.860111,-0.432177,-1.494324,0.919138,-0.690675,-0.116762,1.490622,-1.451986,-0.027730,-1.457547,0.729439,1.098645,1.847114,1.454852,0.048247,-0.340243,-0.642575,-1.001442,1.669665,0.448443,0.207468,0.614634,0.817011,-0.278162,0.425627,-0.735423,0.650376,-1.510490,-1.621406,0.111140,-1.184443,-1.995986,1.328769,-0.824964,-1.774939,1.425091,-0.305772,0.369724,-1.351543,1.268022,-1.434267,-1.163431,-0.316778,0.406381,-1.487923,0.653199,-0.399691,-1.390127,-1.323220,-1.130383,0.551619,0.586964,-0.789263,0.251305,-1.234498,0.098907,0.756415
1.000242,0.475893,-1.240745,0.019627,0.939244,0.492395,-0.961716,-0.102457,-0.773063,-0.477893,0.020627,0.228043,0.674045,0.841522,-1.556261,0.211238,-1.048134,0.657868,0.679466,-0.987755,0.051204,-0.229107,-0.528072,1.313491,-1.417704,-0.673974,0.830942,1.365785,0.230551,-0.129863,0.013466,-0.069972,-1.322633,0.456324,-0.952703,-1.364294,-0.663615,1.334934,1.594557,1.280164,-0.766093,-1.457816,-0.786713,-0.349550,-0.626881,-0.408552,-1.853778,1.754475,-0.020923,-1.168452,0.513488,0.112770,0.387725,-1.241283,-0.667171,1.581792,-1.130792,-0.905959,0.758833,-1.319633,-1.073993,0.494128,1.812012,1.364210,1.726960,0.065440,0.831462,-1.619951,0.823292,-1.240854,0.621148,-0.431905,1.163746,1.649738,1.108139,0.939265,-0.455849,0.515673,-0.926435,-0.518128,-0.474228,-0.255144,0.414404,-0.364601,-0.270919,0.965077,0.116557,-0.131859,0.383511,-0.570641,-1.423705,-1.679083,-1.301943,1.205330,-1.480540,-0.349569,0.340672,-0.294006,-0.716826,-1.234638
1.659689,1.321403,-2.075785,-0.232836,-1.153099,0.803702,1.893809,0.861324,-0.405944,-0.141098,0.908227,-0.021073,1.183974,0.484838,-1.777722,0.832261,1.608275,1.310949,0.100924,-1.208454,1.440475,0.066726,-0.316995,1.042206,-1.600566,0.446309,-0.842714,0.121009,0.070154,0.189750,0.463361,-1.467404,-1.192957,-0.335420,-0.973978,-0.933362,0.368835,-0.423394,-1.403952,1.648519,-0.305716,0.587030,-0.901927,-1.465799,-0.718238,1.486292,0.362783,0.688972,-1.472049,1.371886,-0.383818,1.272419,-0.826008,-0.969387,0.262772,-0.555608,0.137306,1.234588,-1.013624,0.844025,0.948906,0.739999,1.016361,-0.279432,-0.650559,-1.079377,-1.366421,0.661146,-0.273948,0.375305,-0.058739,1.313586,0.478849,-1.477745,0.316880,-0.227929,-0.811121,0.787660,-1.346317,1.003267,-0.435717,-0.639281,1.061719,-0.494375,-1.232807,0.367417,0.069321,-1.498008,0.372213,-1.094179,-0.362283,0.983395,1.577452,1.374048,-0.780211,1.344453,-0.105318,-0.516226,-0.831202,-0.999200
-1.196820,-1.591257,1.462415,0.698263,-0.874410,-0.396052,-0.544736,-0.201027,1.352503,-0.205392,1.411640,1.439322,-0.734659,-0.991122,0.872537,0.767630,-1.345865,1.582818,-1.538975,1.019059,1.317960,1.259061,0.037042,-1.557482,-1.373267,0.252964,0.722826,-1.214965,0.237377,-1.597367,-0.398701,0.607684,0.870221,-1.167738,0.006175,1.554506,-0.728427,0.506403,0.087763,1.578851,0.060778,-1.030162,-1.163420,0.248654,-0.470565,0.963161,1.873825,0.187326,-1.386559,-0.724250,0.119862,-0.374510,0.072725,-0.988492,0.005960,-0.643301,-1.355539,0.397863,0.459920,-1.830415,-0.473538,0.727055,-1.072748,0.815418,0.551770,-0.937499,-1.153087,-1.156588,1.611569,0.684529,-1.438436,1.417629,-1.599948,-0.576151,0.902236,-0.790280,0.629004,-1.584083,1.034211,-1.410472,-1.503663,-1.543612,-1.242981,0.785515,0.168691,1.258968,1.268704,0.201313,1.233756,-1.618118,-0.915963,-0.726323,0.304474,-0.304691,-0.339181,-0.473128,-0.454654,-1.309184,0.059477,-1.142391
1.362105,-0.729952,-1.617822,1.038747,-0.635446,-0.676192,-1.195438,1.225739,0.652852,-1.042045,0.421973,0.313268,1.134106,1.485073,-0.210272,-0.727430,1.100507,-1.194967,0.928690,0.769743,0.550296,0.376557,0.274912,0.257650,-0.661474,-0.976083,1.241419,1.550440,1.146965,1.303487,-0.229509,-0.852400,-0.325576,-0.156448,-1.152289,-1.216222,-1.638900,1.118699,1.769441,-1.437798,-1.461098,0.997585,0.601439,1.149896,-0.459992,0.093357,-1.201868,-1.354016,-1.296187,1.482596,-1.620978,0.559078,-0.995762,1.497377,-0.444514,-1.507265,-1.075022,-1.582085,-0.961939,0.277387,-1.178680,-0.115518,-1.514377,0.102079,-0.232413,1.571116,-1.193599,1.172602,-0.303689,0.397338,0.617033,-1.192534,-0.587650,0.816895,0.517155,-1.564998,-0.535417,-0.025185,-0.316150,-1.495620,-0.531390,-0.940110,-0.708028,0.629206,0.522677,-0.030564,1.374943,-0.570568,-0.609489,0.313700,1.697390,0.605692,0.228056,0.486476,0.546492,-0.978816,1.120613,-1.212004,1.202084,1.620347
0.743204,-1.751631,-0.680471,-1.258956,-1.301661,-0.829765,0.608303,1.484252,-0.022120,0.247060,1.280212,-0.147857,0.773572,-1.101097,0.498051,1.595581,-0.832369,1.534728,-1.696013,-0.068346,0.179672,1.465943,-1.170667,-0.022378,1.164135,-1.413087,-0.865798,-1.405031,-0.800864,1.495938,0.678494,-1.575756,-1.437537,-0.318923,1.541252,0.395299,-0.588478,-0.523378,0.016265,-1.309669,1.247122,-0.731208,0.995152,1.337904,-1.150043,1.642001,0.419704,1.565587,-0.965177,0.984241,-1.410623,-1.069525,1.452841,-0.915035,1.491565,-0.901318,0.573386,0.681935,-1.299837,-0.307772,0.444561,-1.481599,-1.174728,1.102552,0.790463,-1.364866,-1.617842,-1.288765,0.867886,-1.225978,0.753410,-0.297607,-0.216538,-0.492700,-0.127878,-0.097955,-0.511486,1.585345,-0.954481,-0.209103,0.965738,1.537848,1.069130,-0.205277,-0.975702,0.247562,-1.165936,0.235140,1.716860,-1.537780,-0.641487,1.378050,-0.408397,-1.369460,-0.907535,-0.433868,-1.171880,0.995079,0.191296,-0.946107
0.650767,-1.526462,-1.927879,0.872647,-0.088267,0.840782,-1.451744,0.697495,0.533942,0.400414,0.280664,1.107051,0.449813,-0.577184,0.438227,1.445346,-1.925078,-0.410181,-0.345586,-1.116771,-0.760597,-0.883238,0.699110,0.317031,1.304851,0.359018,-0.528055,0.205939,1.463790,1.243551,0.546485,0.216298,-1.555302,0.588704,1.558436,0.532953,-0.993642,0.972685,1.535504,-0.587049,0.160951,1.401136,0.948350,-0.096836,1.536807,-0.416719,-1.268958,1.439292,-0.858524,0.426249,1.268190,0.406547,-0.662336,0.704375,1.476123,-1.111673,1.798498,-1.461401,0.158860,-1.683028,1.504116,-1.118136,1.715579,0.804749,-0.717716,-0.297677,-1.191276,0.849113,-1.053100,0.935920,-0.060970,-1.531450,-1.676255,-0.440561,-1.591865,-1.447584,-0.214868,-1.512116,-0.647924,-0.885099,0.056404,1.577907,1.262086,-1.650265,1.769674,-0.775857,-0.802712,1.225687,-0.750810,-1.371597,0.220978,-1.590957,0.644758,-1.837160,1.598745,1.138040,-0.256826,-1.124945,0.742692,-0.095887
-0.970433,0.125156,-0.347526,-0.316664,-1.566929,-1.028483,-0.322500,0.038494,0.152914,-0.932207,0.337815,-1.840656,1.336992,0.349814,0.089072,1.371956,-0.621419,0.478250,0.932054,-0.524602,-0.025903,1.707541,-0.941084,1.015691,-1.545833,-0.506285,0.729411,0.768533,0.924225,-1.286194,0.780591,0.271640,0.695027,0.090474,-0.151323,-0.725465,1.374710,-1.291033,-1.080011,0.339334,-1.638058,0.737735,0.658935,0.186937,0.232444,-0.180979,1.528518,0.292456,0.292204,-0.303297,-0.726756,-0.753399,-0.989388,-0.848332,0.258702,-1.189783,-1.374423,0.047833,-0.822271,0.613333,-0.491675,-0.517881,0.443172,1.499553,1.034237,0.027232,-0.297940,0.149028,-1.731693,-1.229907,0.980244,-0.632557,0.127208,1.017349,-0.864046,1.372371,1.090187,0.563300,-0.534049,1.502226,1.622704,0.670811,-0.308015,-1.379196,-0.805335,0.756483,0.045079,-0.739963,-0.644930,0.759080,0.194780,-0.762902,-1.616747,0.626207,0.936974,0.433966,-1.250586,-1.370545,-0.866298,0.136541
-1.631136,-0.964924,-0.923162,-0.364073,-0.218118,1.025084,-1.287395,-1.135418,-0.801539,0.570624,-0.618138,-0.244165,-0.346928,0.199204,-1.356615,0.402701,0.483998,1.540708,1.400927,1.188598,-0.109932,-1.218956,-1.765406,-1.392256,-0.614808,1.556783,1.059435,0.567406,-0.524188,-0.189902,-0.730942,-1.104982,-1.692998,-0.463087,-1.140745,-0.806381,-1.139977,-0.930030,-1.137801,-1.161414,0.243166,1.416207,0.799565,0.064100,-0.681060,0.608542,0.483288,1.233535,-0.613982,0.642626,-0.245533,1.167379,-1.854129,0.537273,1.259425,-1.339422,1.648642,0.755205,-1.443924,0.338518,1.302003,0.669826,-0.527086,-0.887143,0.008998,0.087729,1.205015,-0.899224,0.053917,1.414099,-0.120621,1.175623,1.046217,0.694562,-0.088479,-0.452779,0.574037,-0.420947,1.042445,1.247571,0.902637,1.672594,-1.076957,-1.570771,0.931326,1.293114,-1.529679,-0.209895,-0.998196,0.449678,-1.517221,1.081598,-1.099709,0.012548,-1.294477,0.808237,0.607692,0.030257,-0.709975,-0.344603
0.473370,0.635370,0.574059,0.948427,0.375138,-0.471269,0.831451,-0.928321,-1.421816,-0.419351,-0.127033,0.714421,1.350329,0.619226,-0.386704,-0.737523,0.310110,-1.021045,-1.070029,-0.688720,-0.946545,-0.217781,1.559322,1.572214,-0.397939,-1.068348,-1.269728,1.283903,-1.115403,-0.268285,0.072892,-0.017310,-1.030308,0.421552,0.108888,0.820060,-0.610656,-1.503967,1.201715,0.829119,-0.817807,0.162267,0.111740,0.942988,-0.938615,1.505054,-1.094493,0.590042,0.905447,-0.636506,-1.721945,0.910366,0.276070,-0.494048,0.071544,1.651693,-0.634482,1.082772,-1.050275,1.046345,-1.409048,-0.677222,1.530258,-1.018314,0.114008,0.191843,-1.277422,0.588254,-0.923882,-0.517720,-0.324456,1.668314,-1.047663,0.951739,0.512682,0.392293,1.434198,-1.140372,0.595069,-0.131864,-0.226624,-0.202217,-0.667269,1.498848,0.223700,-1.628256,-1.033162,0.363006,0.359590,0.581100,-1.453010,-1.300815,-0.166270,1.511780,0.955769,0.982643,1.662582,1.629211,0.282322,-0.508475
-0.496047,-0.871033,-0.432291,-1.043520,-1.096310,-0.430686,-1.662502,-0.639259,-1.099831,-0.095554,1.502291,0.991524,-0.351977,1.454219,-0.142845,-0.536104,0.165184,-0.385517,-0.714256,-0.320064,-0.790725,0.380637,-1.434030,-1.818361,1.008023,-0.433776,0.103384,1.026988,-1.056153,1.568587,-0.370060,0.985320,-0.022015,0.328440,1.082510,0.189326,1.643902,-1.021466,1.569882,0.016532,-0.672065,0.316491,-1.461358,-0.777783,-0.351600,-1.491708,0.278161,1.320999,1.320008,1.263809,-1.484045,0.694550,1.279022,0.422465,-0.249580,0.024831,0.296187,-0.443951,-0.109950,0.592009,1.573841,0.038335,-0.249569,1.245178,0.105224,-0.647819,-0.117790,-0.600485,-0.379086,0.833130,1.166734,-0.602163,0.362197,-0.900360,0.941262,-0.225638,0.583288,-1.356840,-0.952791,-1.311942,-0.673458,0.149660,-0.652344,-0.793639,-0.421080,-1.128436,-0.076973,-0.134091,0.410267,0.248275,0.218976,-0.830154,1.111105,-0.250370,0.050086,0.876213,1.384699,1.421615,-0.425468,-1.472359
1.670699,1.502092,-0.104098,1.523216,1.655311,1.314056,1.696112,-0.336830,-0.263322,1.300896,0.607056,-1.027602,-0.098945,0.577160,-0.597777,-0.858539,-0.555760,-1.015136,1.159989,-1.039636,1.323510,-1.311458,0.240203,0.913023,-0.422352,0.002168,-1.354268,-0.923634,0.045372,-0.049856,1.323496,-0.247412,1.595112,1.596369,0.256491,-1.322185,-1.379000,-0.618275,-1.570886,1.706202,0.828438,-0.342429,1.193247,0.376639,0.430811,-0.340472,-1.605366,0.393257,-1.056966,-1.422216,1.523493,-1.276215,-1.343547,-1.294414,-0.822828,-0.269131,0.656479,-1.747361,1.027045,-0.593470,1.448486,-0.683624,0.820188,-1.694551,0.452078,0.849776,0.726870,-0.095649,-0.420524,-1.517708,1.441105,-0.907238,1.634670,0.535407,1.360300,-0.881199,-1.099964,1.166946,0.036575,-1.079434,-0.928844,-1.179823,0.654124,0.801851,1.490135,0.283050,0.268954,-1.068223,0.719038,-1.404338,1.743366,-1.644141,-1.660939,-0.031088,1.125233,-1.729452,0.451258,-1.223284,0.252434,-1.480163
1.645144,0.281086,1.268056,-0.558340,-0.262958,0.698777,0.946562,-1.438481,-0.717491,0.201582,0.841193,0.261677,0.623550,1.536760,-0.645473,-1.115728,-0.720237,-0.028722,1.192512,-0.207998,-0.862984,1.019785,0.816057,-1.013877,0.392938,-1.369142,-0.013171,0.877641,0.407828,-1.167255,-1.336072,1.539571,-1.391060,0.452191,-1.465196,-0.823188,-0.781883,-1.488199,0.749461,1.746227,0.818929,-0.868038,1.333750,1.080506,1.489055,-0.138157,1.211692,-0.727808,0.605777,-0.459338,-0.170823,1.571745,-0.505660,0.623262,-0.371954,-0.875173,-1.312852,1.245481,0.242337,-1.356600,-1.251692,1.212043,0.064157,0.244330,-1.171943,-0.196165,-0.681911,-0.300496,1.184843,1.351424,-1.357786,0.096296,0.240072,-1.338202,-0.734033,-0.752371,-1.552822,-0.795145,-0.360700,-1.092709,-0.421695,-1.358031,-0.968471,0.179416,-0.182375,-1.459433,1.062092,1.411605,0.061233,1.209052,1.310079,1.395279,-1.351269,1.466283,-1.289287,0.619187,0.623447,-0.015453,0.289453,1.666403
-0.273566,-0.323124,0.770481,-1.287631,0.949750,0.570386,1.850055,-1.170844,-1.613658,0.862507,-1.658318,-0.474307,-0.259554,-0.858483,1.209045,0.073902,0.351767,-0.979715,0.195683,1.506197,-1.509301,-1.406916,-0.782256,-1.832460,-1.133511,1.424114,-0.744438,-1.071063,-0.625302,-1.306230,0.968356,0.630577,1.480597,0.574092,1.006548,-1.147322,0.187054,0.503150,1.305932,1.024141,0.249018,-0.553649,-0.187036,0.930631,0.720880,-1.254589,-1.162752,-1.688612,-1.709769,1.632261,-0.515697,-1.202724,-1.050820,-1.428345,1.280244,1.827369,-1.578292,-0.918999,-0.117977,0.123912,-1.463547,-0.857457,-1.136795,-0.523823,-0.876806,0.730939,1.735490,1.167085,-1.372870,0.276105,1.020588,-0.652542,-0.938518,-0.992341,1.602397,-1.346605,1.515575,-1.125004,-1.641509,0.684338,-1.593328,0.207834,0.217948,0.189161,-1.175071,0.213416,-1.389946,0.360773,-0.988701,-0.530755,1.496814,1.370928,-1.559311,0.449320,-0.266886,0.088714,-0.389240,-1.179410,-0.024697,0.510706
0.628560,-0.180443,0.658492,1.089267,-0.212418,0.518161,-0.179861,0.742126,-0.582980,-0.971867,0.811868,0.874594,0.647056,1.013722,-0.588060,0.194131,-0.444977,-1.408626,0.825887,-0.334784,1.177554,-1.711988,-0.957472,0.213863,-0.242239,-0.823519,-1.094215,0.900689,0.244035,-1.447209,-1.182727,-1.020181,-1.061067,0.943496,-1.199621,0.896837,-1.010085,-0.236680,1.111748,0.952546,-1.698374,-0.666877,0.103490,0.658451,-1.481434,-0.234900,-0.401465,-1.493467,-0.690873,0.082920,-1.351142,-1.651453,1.594022,-0.217195,-0.142684,1.612638,1.018597,-0.498790,0.401405,1.493561,1.495573,1.055340,-0.778556,-0.161631,-2.096183,1.617233,0.543783,0.028142,-0.531939,-0.790255,-0.203616,-1.563589,-0.620453,0.351978,0.428889,-0.073238,1.635328,1.271719,0.675825,-1.484203,-0.722033,-0.845494,-0.790920,0.915815,-0.075584,0.483900,0.291645,-1.527983,0.941177,0.334073,-1.020859,1.647405,-1.513740,-0.911973,-1.385667,0.711479,0.885507,-1.228694,-1.466423,-1.299745
0.164217,-1.067301,-1.349934,-0.769009,1.053507,-0.431380,0.625878,-1.421457,-1.526007,-1.642374,-1.075352,0.159022,0.511834,-0.152311,1.288415,1.185694,0.889228,1.083666,-1.417029,1.213887,-1.426012,0.718219,-0.444904,1.043883,1.434218,1.508490,1.604517,-0.106077,-1.646064,-0.326390,-1.872380,-1.653297,1.253278,-1.432680,1.171963,1.796345,-0.554332,-0.378472,0.254242,1.584630,-0.621082,-0.830030,0.705610,1.078945,-1.106576,-1.185680,-1.371424,0.574385,-0.821211,0.715523,-0.626496,-0.345271,0.319223,-0.622291,-1.259117,0.972604,-0.889906,-1.163421,-0.825615,0.451041,0.976836,-1.434303,0.794624,1.457049,0.676158,-1.437920,1.170106,1.063375,-1.334245,0.135079,1.258730,-1.180259,-0.884455,-1.354469,1.518082,-0.588793,-0.134697,0.342333,0.041942,0.596095,1.413074,-0.116144,-1.657108,1.037140,0.430137,-1.765092,1.000459,1.523432,-0.134739,-1.169359,-0.773858,-0.306901,-0.245454,1.014035,-0.548735,1.074028,-0.783815,0.943008,-0.117226,-0.310573
0.848809,-1.302030,-1.465974,0.773941,0.792535,1.340734,1.516937,0.509867,1.375457,1.547434,-1.697353,0.827528,-1.465931,1.769633,-0.394122,-0.951294,-0.723994,-0.147017,0.329310,0.061288,-0.964868,-0.560076,0.777074,-0.303762,0.975416,-0.406131,1.735262,0.770485,-1.197114,-0.206588,-0.554954,0.297765,1.229564,-0.467910,-1.548992,-0.816037,-0.804826,0.216105,1.063409,-0.485667,-1.228042,0.783511,1.194389,-1.635272,-0.233119,-1.062954,0.253070,0.692782,-1.633854,0.445980,-1.463669,1.593126,-1.459232,-0.718283,-1.220108,1.775910,0.982389,0.761725,1.441438,-0.170604,0.492929,-1.162702,-0.167227,0.508587,0.328083,1.402019,-0.906329,-1.575709,-1.082189,-1.401477,0.599264,-0.959242,-0.711248,1.025772,-1.461666,0.611484,0.665168,-0.443133,1.102286,0.655486,-0.078082,1.616937,-1.318873,0.566703,0.038929,1.453036,-1.444364,-0.995210,0.189379,1.185988,-1.341725,-0.917623,1.746565,-0.755422,0.764801,-1.525847,-1.524688,0.275594,0.331260,-1.515997
0.801754,0.001950,0.785732,1.305379,1.283750,0.305027,1.226663,-0.388724,1.076647,0.173524,0.512588,0.424271,-1.682645,0.648529,0.709977,1.315845,1.126552,1.703625,1.414380,1.413244,-0.807979,-0.213103,0.195350,-0.976657,0.299607,-0.356569,-1.095653,1.191541,-0.240080,-0.894693,-0.015611,-0.343557,-0.931961,0.067595,1.020335,-0.205450,-0.978309,0.420262,-0.657662,0.068400,1.549724,0.501885,0.165999,0.326116,-0.796500,-0.024103,-0.026315,0.859813,-1.062389,-0.829948,0.313528,-0.782304,-1.005872,0.902030,0.442518,-0.583236,0.784736,0.939171,0.823861,0.798462,0.177652,-0.474229,-0.412668,-0.656806,-0.460471,1.118297,-0.110105,0.223391,0.333758,-1.338499,-1.166450,-1.714826,-0.788888,0.596361,-0.327109,-1.082964,-0.357915,-0.248298,-1.534670,1.198669,-0.004113,-0.128871,1.395927,0.833225,-0.638542,0.945664,-1.046817,-1.283651,-1.383737,-0.489613,0.061615,-0.368039,1.142204,-0.770002,1.433693,-0.783050,1.333454,1.044920,-0.020118,-0.884754
0.583662,0.695182,0.241777,1.397390,0.937836,-1.706658,-0.140846,0.023151,1.145507,-1.325846,-0.198705,0.625584,-0.943709,-0.327015,-1.770505,-0.840234,1.649458,1.679138,-0.857176,0.706916,-1.409343,-0.922666,0.027194,1.028360,0.683834,1.669217,0.172446,-1.045105,0.169553,-1.021682,0.176879,-0.035769,0.294360,-1.774668,0.201639,-0.228864,0.123503,-0.554907,-1.487275,-1.654831,1.233005,1.434663,-0.066079,-1.718843,-0.354641,-0.448535,-1.728738,-1.135789,-1.665300,0.597770,1.528782,-0.021733,-1.035105,-1.210054,0.433979,0.293371,-0.299581,-0.485448,-1.125232,0.321105,1.114447,-0.604481,1.181493,1.399363,0.661348,-0.779426,-0.239461,-1.024559,-1.499937,1.469495,1.939732,0.236403,1.158869,-1.312378,-0.381343,-0.258478,-0.277644,1.432668,0.972459,-0.826671,1.075031,-1.312158,1.329847,0.715967,0.774673,-1.735011,-0.113791,1.579475,-0.516195,-0.257077,-0.144621,-1.482326,1.004722,-0.948785,-0.001921,0.872720,0.522542,0.657437,-0.950227,-1.345166
-1.376940,1.558254,-0.873982,-1.057519,-1.241165,1.225225,1.452618,-0.759923,-0.791046,-1.247726,-1.255155,1.322463,1.000834,0.165528,-1.371525,0.928163,-0.572357,0.418554,0.077520,1.544455,-1.481461,-0.128268,1.632307,1.060870,0.656884,-1.554705,-0.482795,0.930757,1.506495,-0.004809,-0.007433,-0.992922,-0.172454,-0.337922,1.004701,1.601879,-0.397941,-1.145677,-1.019768,-1.703336,-1.341929,-1.487227,1.222820,-0.993660,-1.448993,-1.354409,-0.580527,-0.365551,0.973482,-0.848474,1.337090,-0.250660,-1.002539,-1.095680,-0.796994,1.046556,0.146718,0.664824,-0.791006,1.665187,0.445777,1.656896,1.090572,-0.385846,-1.586466,-1.395713,-0.419816,0.525954,0.251981,1.345133,0.360546,1.144193,-0.891401,-0.848932,-0.481052,1.626903,-1.112667,-1.763086,-1.624538,1.424781,-0.081806,1.294448,0.883619,1.565943,0.514187,0.708396,-0.184797,-0.273977,-0.081265,-0.098323,0.284972,0.697226,1.342488,1.329206,0.426047,0.937136,-0.820554,-0.617122,-0.731822,-0.225531
0.391906,-1.763951,-0.496868,-0.839885,-0.739375,-0.073979,-0.787464,-0.730703,-1.354595,-0.286308,0.496320,1.191855,0.214019,0.256697,0.203788,0.613974,-0.633056,1.274077,-1.083239,-0.794334,1.236973,-0.313907,1.424575,0.950029,-1.220122,-1.091465,1.669265,-1.264006,0.049743,1.077458,0.741846,-1.516102,1.120952,0.631381,-0.003357,0.201596,-0.259789,-1.423792,-1.807702,-0.295639,1.226129,0.678748,-1.477946,1.495120,0.843646,-0.516836,0.623935,-0.135927,-1.686229,1.668678,-1.542867,1.491736,-1.116538,-1.492827,-1.254216,0.286898,1.217901,0.582508,1.166713,1.716800,0.860418,-0.890486,-1.501439,0.815520,0.903035,0.478373,0.667196,-0.121135,1.235920,-0.909215,-0.876312,0.814672,0.717451,1.071727,0.509961,1.005120,0.853730,-1.807511,0.490861,1.476468,0.073244,-0.005718,-0.158254,-0.754482,0.314473,-0.694278,-0.847454,0.503821,1.648960,0.006306,-0.841373,-0.939230,-1.396453,0.762216,1.826468,1.219047,-1.171914,-1.502008,-1.311218,-0.976371
-1.681068,-1.528656,0.819918,0.824934,-0.356930,1.545656,-0.132606,1.077661,-1.394599,-0.344319,0.610624,0.421851,-0.694647,-0.201295,-0.844269,-0.211240,0.466599,0.825385,1.232281,0.166834,-0.867799,-0.742092,-0.008444,-1.129678,-0.368281,-1.263922,-0.918551,0.793636,-0.892394,0.181182,-1.241535,0.140571,1.409956,1.727662,-1.598903,-0.171545,-0.231226,0.647364,-0.035140,1.634857,-1.309745,1.227294,1.081016,1.240113,0.166586,-0.160577,-0.422776,-0.963978,-0.450554,1.511432,-1.517110,1.559342,-0.331071,1.431866,0.823775,0.390828,0.512032,0.740317,-1.287652,0.875863,0.565086,-0.385730,-0.736558,-0.625073,-0.279482,-1.293153,0.573637,-1.260630,0.309815,1.639207,-0.299496,0.871102,1.281380,-1.437199,-0.698213,-1.527919,1.333414,0.214231,-1.292246,1.251732,-0.860947,1.641540,0.647468,-0.885237,-0.470672,-1.444219,0.098283,-0.642315,0.002902,-1.278579,0.181560,1.324727,0.803623,1.270611,1.222610,-1.069227,-1.501707,-1.535241,-0.869584,1.584268
